"indicator_code","definition","methodology","source","scraped_at"
"NY.GDP.MKTP.KD.ZG","DataBank

                            This page is in
                                
                                    English
                                
                                    Español
                                
                                    Français
                                
                                    عربي
                                
                                    中文
                            
                        

                              

                             Log in Now  WB Staff LoginPublic Login
                              

                            Tweets
                            Like
                            Share
                            
	                            +
	                            Google+
                                    Digg
                                    人人网
                                    新浪微博
                                    Stumble Upon
	                            
                        
                    
                    
                    
                       
                            
                                DataBank Home
                                Databases
                                Create Report
                                Saved Reports
                                Saved Datasets
                                Metadata Glossary
                                
                            
                        
                        
                            What's New
                            
                            
	 
		
                                            Identification for Development (ID4D) Data was updated on May 22, 2026 
                                        
		
                                            Gender Statistics was updated on May 13, 2026 
                                        
		
                                            Quarterly Public Sector Debt was updated on May 1, 2026 
                                        
		
                                            World Development Indicators was updated on April 8, 2026 
                                        
		

                                               
                    
                    
                    
                    
                        
    body{display:none !important;}
        
            Metadata Glossary
        

        
            
                
                    
                        
                            
                                    
                                        
                                            Select Database
                                        
                                        
                                    
                                
                            
                        
                            
                                Indicator
                            
                            
                                Country
                            
                            
                                Classification
                            
                        
                        
                            
                                Download
                            
                        
                    
                
                   
				
                
                    
                        
                            
                        
                    
                    
                    
                

                
                    
                        
                            
                                
                                    
                                        
                                    
                                
                            
                            Filtered Results: 10 Remove filter
                        

                        
                            

                        

                        
                            
                            
                        

                        
                            
                            
                        

                        

                        CodeNY.GDP.MKTP.KD.ZGIndicator NameGDP (annual % growth)Long definitionGross domestic product is the total income earned through the production of goods and services in an economic territory during an accounting period. It can be measured in three different ways: using either the expenditure approach, the income approach, or the production approach. This indicator denotes the percentage change over each previous year of the constant price (base year 2015) series in United States dollars.SourceCountry official statistics, National Statistical Organizations and/or Central Banks;
National Accounts data files, Organisation for Economic Co-operation and Development (OECD);
Staff estimates, World Bank (WB)TopicEconomic Policy & Debt: National accounts: Growth ratesDatasetWB_WDIUnit of measure%PeriodicityAnnualReference period1961-2024Aggregation methodWeighted averageStatistical concept and methodologyMethodology: National accounts are compiled in accordance with international standards: System of National Accounts, 2008 or 1993 versions. Specific information on how countries compile their national accounts can be found on the IMF website: https://dsbb.imf.org/
Statistical concept(s): The conceptual elements of the SNA (System of National Accounts) measure what takes place in the economy, between which agents, and for what purpose. At the heart of the SNA is the production of goods and services. These may be used for consumption in the period to which the accounts relate or may be accumulated for use in a later period. In simple terms, the amount of value added generated by production represents GDP. The income corresponding to GDP is distributed to the various agents or groups of agents as income and it is the process of distributing and redistributing income that allows one agent to consume the goods and services produced by another agent or to acquire goods and services for later consumption. The way in which the SNA captures this pattern of economic flows is to identify the activities concerned by recognizing the institutional units in the economy and by specifying the structure of accounts capturing the transactions relevant to one stage or another of the process by which goods and services are produced and ultimately consumed.Development relevanceThis indicator is related to the national accounts, which are critical for understanding and managing a country's economy. They provide a framework for the analysis of economic performance. National accounts are the basis for estimating the Gross Domestic Product (GDP) and Gross National Income (GNI), which are the most widely used indicator of economic performance. They are essential for government policymakers, providing the data needed to design and assess fiscal and monetary policies; and are also used by businesses and investors to assess the economic climate and make investment decisions. NAS enable comparison between economies, which is crucial for international trade, investment decisions, and economic competitiveness. More specifically, this indicator is related to national accounts aggregates. Gross Domestic Product (GDP), Gross National Income (GNI), and other aggregates provide a snapshot of the size and health of an economy by measuring the total economic activity within a country. They can thus be used by policymakers to design and implement economic policies, as they reflect the overall economic performance and can indicate the need for intervention in certain areas. Aggregates also allow for comparisons between different economies, which can be useful for trade negotiations, investment decisions, and economic benchmarking. By examining aggregates over time, economists and analysts can identify trends, cycles, and potential areas of concern within an economy, and investors can use national accounts aggregates to assess the potential risks and returns of investing in a particular country. Overall, national accounts aggregates are fundamental tools for economic analysis, policy formulation, and decision-making at both the national and international levels.Limitations and exceptionsEach industry's contribution to growth in the economy's output is measured by growth in the industry's value added. In principle, value added in constant prices can be estimated by measuring the quantity of goods and services produced in a period, valuing them at an agreed set of base year prices, and subtracting the cost of intermediate inputs, also in constant prices. This double-deflation method requires detailed information on the structure of prices of inputs and outputs.





In many industries, however, value added is extrapolated from the base year using single volume indexes of outputs or, less commonly, inputs. Particularly in the services industries, including most of government, value added in constant prices is often imputed from labor inputs, such as real wages or number of employees. In the absence of well defined measures of output, measuring the growth of services remains difficult.





Moreover, technical progress can lead to improvements in production processes and in the quality of goods and services that, if not properly accounted for, can distort measures of value added and thus of growth. When inputs are used to estimate output, as for nonmarket services, unmeasured technical progress leads to underestimates of the volume of output. Similarly, unmeasured improvements in quality lead to underestimates of the value of output and value added. The result can be underestimates of growth and productivity improvement and overestimates of inflation.





Informal economic activities pose a particular measurement problem, especially in developing countries, where much economic activity is unrecorded. A complete picture of the economy requires estimating household outputs produced for home use, sales in informal markets, barter exchanges, and illicit or deliberately unreported activities. The consistency and completeness of such estimates depend on the skill and methods of the compiling statisticians.





Rebasing of national accounts can alter the measured growth rate of an economy and lead to breaks in series that affect the consistency of data over time. When countries rebase their national accounts, they update the weights assigned to various components to better reflect current patterns of production or uses of output. The new base year should represent normal operation of the economy - it should be a year without major shocks or distortions. Some developing countries have not rebased their national accounts for many years. Using an old base year can be misleading because implicit price and volume weights become progressively less relevant and useful.





To obtain comparable series of constant price data for computing aggregates, the World Bank rescales GDP and value added by industrial origin to a common reference year. Because rescaling changes the implicit weights used in forming regional and income group aggregates, aggregate growth rates are not comparable with those from earlier editions with different base years. Rescaling may result in a discrepancy between the rescaled GDP and the sum of the rescaled components. To avoid distortions in the growth rates, the discrepancy is left unallocated. As a result, the weighted average of the growth rates of the components generally does not equal the GDP growth rate.License URLhttps://datacatalog.worldbank.org/public-licenses#cc-byLicense TypeCC BY-4.0Go to Data","","",2026-05-30 23:54:02.850329
"SL.EMP.TOTL.SP.ZS","DataBank

                            This page is in
                                
                                    English
                                
                                    Español
                                
                                    Français
                                
                                    عربي
                                
                                    中文
                            
                        

                              

                             Log in Now  WB Staff LoginPublic Login
                              

                            Tweets
                            Like
                            Share
                            
	                            +
	                            Google+
                                    Digg
                                    人人网
                                    新浪微博
                                    Stumble Upon
	                            
                        
                    
                    
                    
                       
                            
                                DataBank Home
                                Databases
                                Create Report
                                Saved Reports
                                Saved Datasets
                                Metadata Glossary
                                
                            
                        
                        
                            What's New
                            
                            
	 
		
                                            Identification for Development (ID4D) Data was updated on May 22, 2026 
                                        
		
                                            Gender Statistics was updated on May 13, 2026 
                                        
		
                                            Quarterly Public Sector Debt was updated on May 1, 2026 
                                        
		
                                            World Development Indicators was updated on April 8, 2026 
                                        
		

                                               
                    
                    
                    
                    
                        
    body{display:none !important;}
        
            Metadata Glossary
        

        
            
                
                    
                        
                            
                                    
                                        
                                            Select Database
                                        
                                        
                                    
                                
                            
                        
                            
                                Indicator
                            
                            
                                Country
                            
                            
                                Classification
                            
                        
                        
                            
                                Download
                            
                        
                    
                
                   
				
                
                    
                        
                            
                        
                    
                    
                    
                

                
                    
                        
                            
                                
                                    
                                        
                                    
                                
                            
                            Filtered Results: 10 Remove filter
                        

                        
                            

                        

                        
                            
                            
                        

                        
                            
                            
                        

                        

                        CodeSL.EMP.TOTL.SP.ZSIndicator NameEmployment to population ratio, 15+, total (%) (modeled ILO estimate)Long definitionEmployment to population ratio is the proportion of a country's population that is employed.SourceILO Modelled Estimates database (ILOEST), International Labour Organization (ILO), uri: https://ilostat.ilo.org/data/bulk/, publisher: ILOSTAT, type: external database, date accessed: January 17, 2026TopicSocial Protection & Labor: Economic activityDatasetWB_WDIUnit of measure% of total population ages 15+PeriodicityAnnualReference period1991-2025Aggregation methodWeighted averageStatistical concept and methodologyMethodology: The employment-to-population ratio (EPR) is calculated as follows:

EPR (%) = 100 x Persons employed / Working-age population

For a given component group of the working-age population, the EPR is the percentage of this group that is employed. For example, the EPR for women would be calculated as:

EPRw (%) = 100 x Employed women / Working-age women



The series is part of the ""ILO modeled estimates database,"" including nationally reported observations and imputed data for countries with missing data, primarily to capture regional and global trends with consistent country coverage. Country-reported microdata is based mainly on nationally representative labor force surveys, with other sources (e.g., household surveys and population censuses) considering differences in the data source, the scope of coverage, methodology, and other country-specific factors. Country analysis requires caution where limited nationally reported data are available. A series of models are also applied to impute missing observations and make projections. However, imputed observations are not based on national data, are subject to high uncertainty, and should not be used for country comparisons or rankings. For more information: https://ilostat.ilo.org/resources/concepts-and-definitions/ilo-modelled-estimates/
Statistical concept(s): Employment is defined as persons of working age who, during a short reference period, were engaged in any activity to produce goods or provide services for pay or profit, whether at work during the reference period (i.e. who worked in a job for at least one hour) or not at work due to temporary absence from a job, or to working-time arrangements. Ages 15 and older are generally considered the working-age population.Development relevanceThe notion that employment – specifically, access to decent work – is central to poverty reduction was firmly acknowledged in the framework of the Millennium Development Goals (MDGs) with the adoption of an employment-based target under the goal of halving the share of the world’s population living in extreme poverty. The employment-to-population ratio was adopted as one of four indicators to measure progress towards target 1b on “achieving full and productive employment and decent work for all, including women and young people”. After the MDGs came to an end in 2015, the crucial role of decent work in poverty reduction was reinforced in the Sustainable Development Goals (SDGs). In fact, the eighth SDG constitutes the goal of “promoting inclusive and sustainable economic growth, employment and decent work for all”.



The employment-to-population ratio provides information on the ability of an economy to create employment; for many countries the indicator is often more insightful than the unemployment rate. Although a high overall ratio is typically considered as positive, the indicator alone is not sufficient for assessing the level of decent work or decent work deficits. The ratio could be high for reasons that are not necessarily positive – for example, where education options are limited, young people tend to take up any work available rather than staying in school to build their human capital. For these reasons, it is strongly advised that indicators should be reviewed collectively in any evaluation of country-specific labor market policies.Limitations and exceptionsData on employment by status are drawn from labor force surveys and household surveys, supplemented by official estimates and censuses for a small group of countries. The labor force survey is the most comprehensive source for internationally comparable employment, but there are still some limitations for comparing data across countries and over time even within a country. 

Comparability of employment ratios across countries is affected by variations in definitions of employment and population. The biggest difference results from the age range used to define labor force activity. The population base for employment ratios can also vary. Most countries use the resident, non-institutionalized population of working age living in private households, which excludes members of the armed forces and individuals residing in mental, penal, or other types of institutions. But some countries include members of the armed forces in the population base of their employment ratio while excluding them from employment data.

The reference period of a census or survey is another important source of differences: in some countries data refer to people's status on the day of the census or survey or during a specific period before the inquiry date, while in others data are recorded without reference to any period. Employment ratios tend to vary during the year as seasonal workers enter and leave.

This indicator also has a gender bias because women who do not consider their work employment or who are not perceived as working tend to be undercounted. This bias has different effects across countries and reflects demographic, social, legal, and cultural trends and norms.Other notesNational estimates are also available in the WDI database. Caution should be used when comparing ILO estimates with national estimates.License URLhttps://datacatalog.worldbank.org/public-licenses#cc-byLicense TypeCC BY-4.0Go to Data","","",2026-05-30 23:54:03.41967
"SL.UEM.TOTL.ZS","DataBank

                            This page is in
                                
                                    English
                                
                                    Español
                                
                                    Français
                                
                                    عربي
                                
                                    中文
                            
                        

                              

                             Log in Now  WB Staff LoginPublic Login
                              

                            Tweets
                            Like
                            Share
                            
	                            +
	                            Google+
                                    Digg
                                    人人网
                                    新浪微博
                                    Stumble Upon
	                            
                        
                    
                    
                    
                       
                            
                                DataBank Home
                                Databases
                                Create Report
                                Saved Reports
                                Saved Datasets
                                Metadata Glossary
                                
                            
                        
                        
                            What's New
                            
                            
	 
		
                                            Identification for Development (ID4D) Data was updated on May 22, 2026 
                                        
		
                                            Gender Statistics was updated on May 13, 2026 
                                        
		
                                            Quarterly Public Sector Debt was updated on May 1, 2026 
                                        
		
                                            World Development Indicators was updated on April 8, 2026 
                                        
		

                                               
                    
                    
                    
                    
                        
    body{display:none !important;}
        
            Metadata Glossary
        

        
            
                
                    
                        
                            
                                    
                                        
                                            Select Database
                                        
                                        
                                    
                                
                            
                        
                            
                                Indicator
                            
                            
                                Country
                            
                            
                                Classification
                            
                        
                        
                            
                                Download
                            
                        
                    
                
                   
				
                
                    
                        
                            
                        
                    
                    
                    
                

                
                    
                        
                            
                                
                                    
                                        
                                    
                                
                            
                            Filtered Results: 10 Remove filter
                        

                        
                            

                        

                        
                            
                            
                        

                        
                            
                            
                        

                        

                        CodeSL.UEM.TOTL.ZSIndicator NameUnemployment, total (% of total labor force) (modeled ILO estimate)Long definitionUnemployment refers to the share of the labor force that is without work but available for and seeking employment.SourceILO Modelled Estimates database (ILOEST), International Labour Organization (ILO), uri: https://ilostat.ilo.org/data/bulk/, publisher: ILOSTAT, type: external database, date accessed: January 17, 2026TopicSocial Protection & Labor: UnemploymentDatasetWB_WDIUnit of measure% of total labor forcePeriodicityAnnualReference period1991-2025Aggregation methodWeighted averageStatistical concept and methodologyMethodology: The unemployment rate is calculated by expressing the number of unemployed persons as a percentage of the total number of persons in the labor force. The labor force (formerly known as the economically active population) is the sum of the number of persons employed and the number of persons unemployed. 







The series is part of the ""ILO modeled estimates database,"" including nationally reported observations and imputed data for countries with missing data, primarily to capture regional and global trends with consistent country coverage. Country-reported microdata is based mainly on nationally representative labor force surveys, with other sources (e.g., household surveys and population censuses) considering differences in the data source, the scope of coverage, methodology, and other country-specific factors. Country analysis requires caution where limited nationally reported data are available. A series of models are also applied to impute missing observations and make projections. However, imputed observations are not based on national data, are subject to high uncertainty, and should not be used for country comparisons or rankings. For more information: https://ilostat.ilo.org/resources/concepts-and-definitions/ilo-modelled-estimates/
Statistical concept(s): The unemployed comprise all persons of working age who were: a) without work during the reference period, i.e. were not in paid employment or self-employment; b) currently available for work, i.e. were available for paid employment or self-employment during the reference period; and c) seeking work, i.e. had taken specific steps in a specified recent period to seek paid employment or self-employment. Future starters, that is, persons who did not look for work but have a future labor market stake (made arrangements for a future job start) are also counted as unemployed, as are participants in skills training or retraining schemes within employment promotion programs, who on that basis, were “not in employment”, not “currently available” and did not “seek employment” because they had a job offer to start within a short subsequent period generally not greater than three months. The unemployed also include persons “not in employment” who carried out activities to migrate abroad in order to work for pay or profit but who were still waiting for the opportunity to leave.







Employment comprises all persons of working age who during a specified brief period, such as one week or one day, were in the following categories: a) paid employment (whether at work or with a job but not at work); or b) self-employment (whether at work or with an enterprise but not at work).



The working-age population is the population above the legal working age, but for statistical purposes it comprises all persons above a specified minimum age threshold for which an inquiry on economic activity is made. To promote international comparability, the working-age population is often defined as all persons aged 15 and older, but this may vary from country to country based on national laws and practices (some countries also apply an upper age limit).Development relevanceThe unemployment rate is a useful measure of the underutilization of the labor supply. It reflects the inability of an economy to generate employment for those persons who want to work but are not doing so, even though they are available for employment and actively seeking work. It is thus seen as an indicator of the efficiency and effectiveness of an economy to absorb its labor force and of the performance of the labor market.







Given its usefulness in conveying valuable information on a country’s labor market situation and the fact that it is widely recognized as a headline labor market indicator, it was included as one of the indicators to measure progress towards the achievement of the Sustainable Development Goals (SDG), under Goal 8 (Promote sustained, inclusive and sustainable economic growth, full and productive employment and decent work for all).Limitations and exceptionsWhile the unemployment rate may be considered the most informative labour market indicator, reflecting the general performance of the labour market and the economy as a whole, it should not be interpreted as a measure of economic hardship or of well-being. When based on the internationally-recommended standards, the unemployment rate simply reflects the proportion of the labour force that does not have a job but is available and actively looking for work. It says nothing about the economic resources of unemployed workers or their family members. Its use should, therefore, be limited to serving as a measurement of the utilization of labour and an indication of the failure to find work. Other measures, including income-related indicators, would be needed to evaluate economic hardship. An additional criticism of the aggregate unemployment measure is that it masks information on the composition of the jobless population and therefore misses out on the particularities of the education level, ethnic origin, socio-economic background, work experience, etc. of the unemployed. Moreover, the unemployment rate says nothing about the type of unemployment – whether it is cyclical and short-term or structural and long-term – which is a critical issue for policy makers in the development of their policy responses, especially given that structural unemployment cannot be addressed by boosting market demand only.Other notesNational estimates are also available in the WDI database. Caution should be used when comparing ILO estimates with national estimates.License URLhttps://datacatalog.worldbank.org/public-licenses#cc-byLicense TypeCC BY-4.0Go to Data","","",2026-05-30 23:54:03.917613
