"country","iso3c","year","iso2c","NY.ADJ.NNTY.PC.KD","NY.ADJ.NNTY.KD.ZG","NV.AGR.TOTL.ZS","SI.SPR.PC40.ZG","SL.IND.EMPL.ZS","SL.EMP.TOTL.SP.ZS","NE.EXP.GNFS.ZS","NY.GDP.MKTP.KD.ZG","NY.GDP.PCAP.CD","NY.GDP.PCAP.KN","FP.CPI.TOTL","SL.EMP.TOTL.SP.NE.ZS","NE.EXP.GNFS.KD.ZG","NE.EXP.GNFS.KD","NY.GNP.PCAP.KD.ZG","NY.GNP.PCAP.KN","NY.GNP.MKTP.KD.ZG","NE.IMP.GNFS.ZS","NE.IMP.GNFS.KD.ZG","SL.TLF.ACTI.ZS","CM.MKT.LCAP.CD","SP.POP.GROW","SI.POV.MDIM","NV.SRV.TOTL.ZS","NE.TRD.GNFS.ZS","SL.UEM.BASC.ZS","SL.UEM.ADVN.ZS","SL.UEM.INTM.ZS","SL.UEM.TOTL.NE.ZS","SL.UEM.TOTL.ZS","row_id"
"Czech Republic","CZE",1990,NA,NA,NA,NA,NA,NA,NA,NA,NA,NA,NA,NA,NA,NA,NA,NA,NA,NA,NA,NA,NA,NA,NA,NA,NA,NA,NA,NA,NA,NA,NA,287
"Czech Republic","CZE",1991,NA,NA,NA,NA,NA,NA,NA,NA,NA,NA,NA,NA,NA,NA,NA,NA,NA,NA,NA,NA,NA,NA,NA,NA,NA,NA,NA,NA,NA,NA,NA,288
"Czech Republic","CZE",1992,NA,NA,NA,NA,NA,NA,NA,NA,NA,NA,NA,NA,NA,NA,NA,NA,NA,NA,NA,NA,NA,NA,NA,NA,NA,NA,NA,NA,NA,NA,NA,289
"Czech Republic","CZE",1993,NA,NA,NA,NA,NA,NA,NA,NA,NA,NA,NA,NA,NA,NA,NA,NA,NA,NA,NA,NA,NA,NA,NA,NA,NA,NA,NA,NA,NA,NA,NA,290
"Czech Republic","CZE",1994,NA,NA,NA,NA,NA,NA,NA,NA,NA,NA,NA,NA,NA,NA,NA,NA,NA,NA,NA,NA,NA,NA,NA,NA,NA,NA,NA,NA,NA,NA,NA,291
"Czech Republic","CZE",1995,NA,NA,NA,NA,NA,NA,NA,NA,NA,NA,NA,NA,NA,NA,NA,NA,NA,NA,NA,NA,NA,NA,NA,NA,NA,NA,NA,NA,NA,NA,NA,292
"Czech Republic","CZE",1996,NA,NA,NA,NA,NA,NA,NA,NA,NA,NA,NA,NA,NA,NA,NA,NA,NA,NA,NA,NA,NA,NA,NA,NA,NA,NA,NA,NA,NA,NA,NA,293
"Czech Republic","CZE",1997,NA,NA,NA,NA,NA,NA,NA,NA,NA,NA,NA,NA,NA,NA,NA,NA,NA,NA,NA,NA,NA,NA,NA,NA,NA,NA,NA,NA,NA,NA,NA,294
"Czech Republic","CZE",1998,NA,NA,NA,NA,NA,NA,NA,NA,NA,NA,NA,NA,NA,NA,NA,NA,NA,NA,NA,NA,NA,NA,NA,NA,NA,NA,NA,NA,NA,NA,NA,295
"Czech Republic","CZE",1999,NA,NA,NA,NA,NA,NA,NA,NA,NA,NA,NA,NA,NA,NA,NA,NA,NA,NA,NA,NA,NA,NA,NA,NA,NA,NA,NA,NA,NA,NA,NA,296
"Czech Republic","CZE",2000,NA,NA,NA,NA,NA,NA,NA,NA,NA,NA,NA,NA,NA,NA,NA,NA,NA,NA,NA,NA,NA,NA,NA,NA,NA,NA,NA,NA,NA,NA,NA,297
"Czech Republic","CZE",2001,NA,NA,NA,NA,NA,NA,NA,NA,NA,NA,NA,NA,NA,NA,NA,NA,NA,NA,NA,NA,NA,NA,NA,NA,NA,NA,NA,NA,NA,NA,NA,298
"Czech Republic","CZE",2002,NA,NA,NA,NA,NA,NA,NA,NA,NA,NA,NA,NA,NA,NA,NA,NA,NA,NA,NA,NA,NA,NA,NA,NA,NA,NA,NA,NA,NA,NA,NA,299
"Czech Republic","CZE",2003,NA,NA,NA,NA,NA,NA,NA,NA,NA,NA,NA,NA,NA,NA,NA,NA,NA,NA,NA,NA,NA,NA,NA,NA,NA,NA,NA,NA,NA,NA,NA,300
"Czech Republic","CZE",2004,NA,NA,NA,NA,NA,NA,NA,NA,NA,NA,NA,NA,NA,NA,NA,NA,NA,NA,NA,NA,NA,NA,NA,NA,NA,NA,NA,NA,NA,NA,NA,301
"Czech Republic","CZE",2005,NA,NA,NA,NA,NA,NA,NA,NA,NA,NA,NA,NA,NA,NA,NA,NA,NA,NA,NA,NA,NA,NA,NA,NA,NA,NA,NA,NA,NA,NA,NA,302
"Czech Republic","CZE",2006,NA,NA,NA,NA,NA,NA,NA,NA,NA,NA,NA,NA,NA,NA,NA,NA,NA,NA,NA,NA,NA,NA,NA,NA,NA,NA,NA,NA,NA,NA,NA,303
"Czech Republic","CZE",2007,NA,NA,NA,NA,NA,NA,NA,NA,NA,NA,NA,NA,NA,NA,NA,NA,NA,NA,NA,NA,NA,NA,NA,NA,NA,NA,NA,NA,NA,NA,NA,304
"Czech Republic","CZE",2008,NA,NA,NA,NA,NA,NA,NA,NA,NA,NA,NA,NA,NA,NA,NA,NA,NA,NA,NA,NA,NA,NA,NA,NA,NA,NA,NA,NA,NA,NA,NA,305
"Czech Republic","CZE",2009,NA,NA,NA,NA,NA,NA,NA,NA,NA,NA,NA,NA,NA,NA,NA,NA,NA,NA,NA,NA,NA,NA,NA,NA,NA,NA,NA,NA,NA,NA,NA,306
"Czech Republic","CZE",2010,NA,NA,NA,NA,NA,NA,NA,NA,NA,NA,NA,NA,NA,NA,NA,NA,NA,NA,NA,NA,NA,NA,NA,14.4,NA,NA,NA,NA,NA,NA,NA,307
"Czech Republic","CZE",2011,NA,NA,NA,NA,NA,NA,NA,NA,NA,NA,NA,NA,NA,NA,NA,NA,NA,NA,NA,NA,NA,NA,NA,15.3,NA,NA,NA,NA,NA,NA,NA,308
"Czech Republic","CZE",2012,NA,NA,NA,NA,NA,NA,NA,NA,NA,NA,NA,NA,NA,NA,NA,NA,NA,NA,NA,NA,NA,NA,NA,15.4,NA,NA,NA,NA,NA,NA,NA,309
"Czech Republic","CZE",2013,NA,NA,NA,NA,NA,NA,NA,NA,NA,NA,NA,NA,NA,NA,NA,NA,NA,NA,NA,NA,NA,NA,NA,14.6,NA,NA,NA,NA,NA,NA,NA,310
"Czech Republic","CZE",2014,NA,NA,NA,NA,NA,NA,NA,NA,NA,NA,NA,NA,NA,NA,NA,NA,NA,NA,NA,NA,NA,NA,NA,14.8,NA,NA,NA,NA,NA,NA,NA,311
"Czechia","CZE",1990,"CZ",NA,NA,NA,NA,NA,NA,32.6915126475747,NA,3969.36733543794,337104.345877984,NA,NA,NA,21319477488.4376,NA,NA,NA,30.3597659369378,NA,72.154,NA,-0.267830773210837,NA,NA,63.0512785845125,NA,NA,NA,0.7,NA,313
"Czechia","CZE",1991,"CZ",NA,NA,NA,NA,47.8459533762479,59.98,38.1579113682169,-11.6149423646776,2917.08655474323,298666.002527216,34.8879009138147,65.11,-6.04951921027696,20029751602.2439,NA,NA,NA,32.6133162989802,-32.843434254258,71.924,NA,-0.240064841789636,NA,NA,70.771227667197,NA,NA,NA,2.266,2.27,314
"Czechia","CZE",1992,"CZ",NA,NA,NA,NA,47.0548975975739,59.805,39.5789086824477,-0.506542343116848,3396.70972430469,296849.475192805,38.7557480738219,NA,9.54979263117752,21942551344.7982,NA,NA,NA,38.3822224024411,29.6833105162332,71.981,NA,0.102241165106867,NA,NA,77.9611310848888,NA,NA,NA,2.6,2.6,315
"Czechia","CZE",1993,"CZ",7877.93600441318,NA,4.22350146875076,NA,46.3217328647508,58.748,39.6576592858123,0.0619042423607254,3984.1463439879,296724.64076214,46.8219933703637,58.711,15.8231838653971,25414561588.8447,NA,NA,0.247063273583009,38.5400788972073,23.7504509242696,72.03,1740800000,0.103947042476644,NA,50.9083816517995,78.1977381830196,NA,NA,NA,4.349,4.349,316
"Czechia","CZE",1994,"CZ",8225.89005301739,4.45454141597708,4.24074163093722,NA,45.1897419730175,59.035,36.8371357206842,2.90930948412982,4663.28665345469,305246.998355944,51.5226545421967,58.996,3.79047986744881,26377895429.2703,NA,NA,2.53160520674571,37.9658823592353,14.95461787384,72.395,6084100000,0.0361217655856125,NA,51.2275788217727,74.8030180799195,NA,NA,NA,4.284,4.284,317
"Czechia","CZE",1995,"CZ",8512.61908640387,3.42225824515177,4.00524760340161,NA,44.5591132298547,59.04,39.9284395098007,6.22140598863832,5865.29460556726,324436.517629616,56.1548109657767,59.005,18.8203478666202,31342307108.9523,NA,305803.585716357,NA,42.9725595627246,23.176042651837,72.36,9185670000,-0.0613140627238111,NA,51.8147339715139,82.9009990725253,NA,NA,NA,4.082,4.082,318
"Czechia","CZE",1996,"CZ",8991.84520229688,5.50673502540282,3.8690482658501,NA,44.3609470816497,58.938,37.8990370301148,4.16858426915319,6573.19643136362,338354.479551181,61.073284357642,58.902,2.50618633826323,32127803727.8133,5.53786278562798,322738.568686859,NA,42.7005209295452,11.7667572156667,72.159,14248100000,-0.11638129923463,NA,51.0532143547928,80.59955795966,NA,NA,NA,3.852,3.852,319
"Czechia","CZE",1997,"CZ",8907.26592659881,-1.04731362879336,3.46666680118219,NA,43.8972032460638,58.298,40.0180990636206,-0.595838414214853,6069.38762357837,336701.076490584,66.3232395628024,58.25,7.56389154704944,34557915958.234,-0.175554245048673,322171.987429119,NA,44.1351316041027,5.84801258947154,72.133,10817110000,-0.107762749274352,NA,52.2399608963375,84.1532306677233,NA,NA,NA,4.674,4.674,320
"Czechia","CZE",1998,"CZ",9113.91121769763,2.22306630869372,3.48547916808829,NA,43.3702645188429,57.119,41.8138083917812,-0.393150193750415,6526.59635780951,335695.238554111,73.4187421609031,57.088,9.63806830582942,37888631503.3597,2.12629938356442,329022.328411842,NA,42.1248439289515,5.55567902808663,72.137,10430790000,-0.0947447516571582,NA,53.2280656780169,83.9386523207327,16.038,6.284,5.724,6.455,6.455,321
"Czechia","CZE",1999,"CZ",9170.18339663066,0.514677424657009,3.19661267380446,NA,42.7155807228256,55.737,42.4907873989701,1.37836060943835,6377.6211077224,340670.234717314,74.9865615481097,55.686,5.17157064278943,39848068847.1422,0.945329022663998,332132.671973364,NA,42.9663362406413,5.18458841338408,72.185,10582930000,-0.102175934295454,NA,54.116373179257,85.4571236396114,20.847,10.222,7.926,8.702,8.702,322
"Czechia","CZE",2000,"CZ",9340.25293107277,1.56937794087517,3.23023711297245,NA,42.3439640382351,55.12,47.8222277784723,4.010669619984,6062.92152842793,355328.387548667,77.8175954130084,55.106,14.7783524880566,45736956921.0563,2.66756439138609,340992.524863085,NA,49.6761678543151,14.3545262128742,71.521,9746160000,-0.280414108078884,NA,54.6093678376464,97.4983956327874,23.318,6.27,7.855,8.764,8.764,323
"Czechia","CZE",2001,"CZ",9729.25480583683,3.77415617872607,3.18771526493166,NA,41.9944114764308,55.133,48.6218413983162,2.9172195289956,6669.07494847497,367070.665842518,81.4459774234008,55.118,9.43192960379729,50050834500.7694,4.01187811621651,354672.729346001,NA,49.9150323317027,11.3521033332719,71.041,8150100000,-0.375719704335905,NA,54.3782658724003,98.5368737300189,23.324,4.48,7.243,8.128,8.128,324
"Czechia","CZE",2002,"CZ",10061.2510252935,3.21305811356612,2.64625253192312,NA,41.5846210500349,55.458,44.7797457982463,1.51345949139996,8101.26018588111,373345.627246513,82.9958788747536,55.411,0.910499615881704,50506547156.6445,2.85935352382165,364814.07653059,NA,46.0995257474119,4.98643928124054,70.769,10256370000,-0.192901617564167,NA,55.7779243665848,90.8792715456582,20.667,3.332,6.677,7.28,7.28,325
"Czechia","CZE",2003,"CZ",10468.9172724559,4.02206851725886,2.43103462272479,NA,41.2791374177561,54.871,46.5673230629568,3.300836832613,9852.45677945801,385779.553811959,83.0944275219495,54.802,8.82042374979201,54961438637.2491,3.74474031206098,378475.416318504,NA,48.0795370036041,9.46689510491714,70.371,15507730000,-0.028620590719166,NA,56.8065333967246,94.6468600665608,22.466,4.167,7.245,7.777,7.777,326
"Czechia","CZE",2004,"CZ",10894.1711891585,4.09373801156451,2.40804306787699,NA,41.139603388956,54.314,56.8994781682745,4.73633969683438,11782.5546676117,403928.430246989,85.3879233112345,54.266,29.678147871635,71272975668.3898,3.85862111048256,393079.348630557,NA,56.2744978021405,25.5834278835909,70.098,26891360000,0.0304348483027166,NA,54.7067356224235,113.173975970415,26.103,3.823,7.62,8.298,8.298,327
"Czechia","CZE",2005,"CZ",11551.2582158536,6.17831739903292,2.28125770679761,NA,41.0919344344861,54.71,61.7588664473362,6.37502886086791,13442.4916284309,429085.03747252,86.9736606342949,54.658,18.1508805207608,84209648325.5502,4.85978917035288,412182.176246198,5.97907514928862,59.4324208687688,12.4825584128356,70.385,34886410000,0.138325980046718,NA,54.6370936474549,121.191287316105,26.709,4.04,7.278,7.927,7.927,328
"Czechia","CZE",2006,"CZ",11901.3625485386,3.31025738550426,2.16293341098596,NA,40.9661767451676,55.04,64.8869825723489,6.62317299177447,15259.0788162004,456266.856660942,89.1775667443111,55.031,14.2854847990093,96239404836.3958,3.10912034102478,424997.416129947,3.83931869237529,62.164032482667,11.4826217714443,70.301,44372130000,0.270795629232185,NA,54.4482943427268,127.051015055016,24.455,4.443,6.464,7.141,7.141,329
"Czechia","CZE",2007,"CZ",12520.1445788946,5.8149303451583,2.08871530033094,NA,40.8001370771343,55.65,66.150542351883,5.48882595164517,18452.6532812196,478510.079010932,91.7219136355492,55.647,11.0290462688112,106853693324.63,5.3232298662943,447621.005516356,5.61364399271602,63.7261971530059,12.8772668008873,69.816,68913190000,0.583542205385113,NA,54.3201070157384,129.876739504889,20.057,2.001,4.713,5.316,5.316,330
"Czechia","CZE",2008,"CZ",12591.2322803357,1.40537722177739,1.92036584435566,NA,40.5255243206041,55.843,63.0342206340259,2.61226807205139,22774.7045076205,486954.388145604,97.5542017559577,55.933,4.21234755454276,111354742262.329,1.15734092791251,452801.50661513,2.13975049066262,60.870589295922,3.17796532944641,69.623,40912350000,0.829412602993033,NA,55.1728220283319,123.904809929948,19.034,2.376,3.673,4.392,4.392,331
"Czechia","CZE",2009,"CZ",11828.1372405801,-5.52379871999172,1.75886230026321,NA,38.5713197670229,54.653,58.4757844686548,-4.79832416684926,19817.4215836554,460955.046066923,98.548647195843,54.768,-9.82704772955509,100411858591.087,-5.13512204536936,429549.596627172,-4.4078801076984,54.5734703162206,-11.0761718405005,70.051,NA,0.569729451418061,NA,55.7128174973799,113.049254784875,24.108,4.797,6.143,6.662,6.662,332
"Czechia","CZE",2010,"CZ",11677.1433485166,-0.988503570531748,1.52258196973334,NA,37.9871685804824,54.095,64.8915980155479,2.71466509907701,20160.4355077059,472090.934000101,100,54.188,14.6575067880563,115129733580.089,0.197827371956038,430399.363305427,0.488691026875543,61.8648821012499,14.8124916406192,70.155,NA,0.29136167418042,NA,56.2888177196257,126.756480116798,25.016,5.003,6.971,7.281,7.281,333
"Czechia","CZE",2011,"CZ",11645.7124449055,-0.0627615662613294,1.96393230867654,NA,38.4526246763602,54.354,70.2506376126123,1.77238085338473,22049.1080788682,479465.873380635,101.917219136355,54.351,9.16251804304125,125678516192.27,0.280664785385326,431607.342754748,0.620616636736287,66.5002179298254,6.71542001027304,70.531,NA,0.206747667335417,NA,55.1142697031149,136.750855542438,24.249,4.027,6.446,6.712,6.712,334
"Czechia","CZE",2012,"CZ",11761.4959438157,1.13563141164678,2.23162666151254,NA,38.1239873292839,54.548,75.1048104767256,-0.770668190622743,20014.0354015165,475105.522565631,105.267873141014,54.548,4.28116143497319,131059016359.54,0.660124473681307,434456.488454478,0.861864154111643,70.375384920209,2.63772354665626,71.581,NA,0.139925655740972,NA,55.1671455759611,145.480195396935,28.51,3.518,6.585,6.979,6.979,335
"Czechia","CZE",2013,"CZ",11855.0835760519,0.829151408762925,2.34758315581321,NA,37.5114800223272,55.135,75.5803954463061,-0.0418124160447491,20260.4954999375,474749.369238308,106.781938720659,55.154,0.25860507770507,131397941630.636,0.832666106637674,438074.060381927,0.881766860949739,69.9218351786551,0.062551226541089,72.848,NA,0.0331699460503076,NA,54.9680487770361,145.502230624961,25.654,4.103,6.929,6.953,6.953,336
"Czechia","CZE",2014,"CZ",12194.8468022881,2.97432256913493,2.39269564510297,NA,38.0394987622804,55.649,81.3510352122697,2.24521219862635,20038.4163180257,484897.742563737,107.149256405662,55.687,8.72634203120278,142864175439.286,2.82413618436772,450445.868435501,2.66063713830371,75.0640876146159,10.0188834324278,73.476,NA,0.105277581527518,NA,54.5981250304078,156.415122826886,22.092,2.836,6.018,6.108,6.108,337
"Turkey","TUR",1990,NA,NA,NA,NA,NA,NA,NA,NA,NA,NA,NA,NA,NA,NA,NA,NA,NA,NA,NA,NA,NA,NA,NA,NA,NA,NA,NA,NA,NA,NA,NA,1248
"Turkey","TUR",1991,NA,NA,NA,NA,NA,NA,NA,NA,NA,NA,NA,NA,NA,NA,NA,NA,NA,NA,NA,NA,NA,NA,NA,NA,NA,NA,NA,NA,NA,NA,NA,1249
"Turkey","TUR",1992,NA,NA,NA,NA,NA,NA,NA,NA,NA,NA,NA,NA,NA,NA,NA,NA,NA,NA,NA,NA,NA,NA,NA,NA,NA,NA,NA,NA,NA,NA,NA,1250
"Turkey","TUR",1993,NA,NA,NA,NA,NA,NA,NA,NA,NA,NA,NA,NA,NA,NA,NA,NA,NA,NA,NA,NA,NA,NA,NA,NA,NA,NA,NA,NA,NA,NA,NA,1251
"Turkey","TUR",1994,NA,NA,NA,NA,NA,NA,NA,NA,NA,NA,NA,NA,NA,NA,NA,NA,NA,NA,NA,NA,NA,NA,NA,NA,NA,NA,NA,NA,NA,NA,NA,1252
"Turkey","TUR",1995,NA,NA,NA,NA,NA,NA,NA,NA,NA,NA,NA,NA,NA,NA,NA,NA,NA,NA,NA,NA,NA,NA,NA,NA,NA,NA,NA,NA,NA,NA,NA,1253
"Turkey","TUR",1996,NA,NA,NA,NA,NA,NA,NA,NA,NA,NA,NA,NA,NA,NA,NA,NA,NA,NA,NA,NA,NA,NA,NA,NA,NA,NA,NA,NA,NA,NA,NA,1254
"Turkey","TUR",1997,NA,NA,NA,NA,NA,NA,NA,NA,NA,NA,NA,NA,NA,NA,NA,NA,NA,NA,NA,NA,NA,NA,NA,NA,NA,NA,NA,NA,NA,NA,NA,1255
"Turkey","TUR",1998,NA,NA,NA,NA,NA,NA,NA,NA,NA,NA,NA,NA,NA,NA,NA,NA,NA,NA,NA,NA,NA,NA,NA,NA,NA,NA,NA,NA,NA,NA,NA,1256
"Turkey","TUR",1999,NA,NA,NA,NA,NA,NA,NA,NA,NA,NA,NA,NA,NA,NA,NA,NA,NA,NA,NA,NA,NA,NA,NA,NA,NA,NA,NA,NA,NA,NA,NA,1257
"Turkey","TUR",2000,NA,NA,NA,NA,NA,NA,NA,NA,NA,NA,NA,NA,NA,NA,NA,NA,NA,NA,NA,NA,NA,NA,NA,NA,NA,NA,NA,NA,NA,NA,NA,1258
"Turkey","TUR",2001,NA,NA,NA,NA,NA,NA,NA,NA,NA,NA,NA,NA,NA,NA,NA,NA,NA,NA,NA,NA,NA,NA,NA,NA,NA,NA,NA,NA,NA,NA,NA,1259
"Turkey","TUR",2002,NA,NA,NA,NA,NA,NA,NA,NA,NA,NA,NA,NA,NA,NA,NA,NA,NA,NA,NA,NA,NA,NA,NA,NA,NA,NA,NA,NA,NA,NA,NA,1260
"Turkey","TUR",2003,NA,NA,NA,NA,NA,NA,NA,NA,NA,NA,NA,NA,NA,NA,NA,NA,NA,NA,NA,NA,NA,NA,NA,NA,NA,NA,NA,NA,NA,NA,NA,1261
"Turkey","TUR",2004,NA,NA,NA,NA,NA,NA,NA,NA,NA,NA,NA,NA,NA,NA,NA,NA,NA,NA,NA,NA,NA,NA,NA,NA,NA,NA,NA,NA,NA,NA,NA,1262
"Turkey","TUR",2005,NA,NA,NA,NA,NA,NA,NA,NA,NA,NA,NA,NA,NA,NA,NA,NA,NA,NA,NA,NA,NA,NA,NA,NA,NA,NA,NA,NA,NA,NA,NA,1263
"Turkey","TUR",2006,NA,NA,NA,NA,NA,NA,NA,NA,NA,NA,NA,NA,NA,NA,NA,NA,NA,NA,NA,NA,NA,NA,NA,NA,NA,NA,NA,NA,NA,NA,NA,1264
"Turkey","TUR",2007,NA,NA,NA,NA,NA,NA,NA,NA,NA,NA,NA,NA,NA,NA,NA,NA,NA,NA,NA,NA,NA,NA,NA,NA,NA,NA,NA,NA,NA,NA,NA,1265
"Turkey","TUR",2008,NA,NA,NA,NA,NA,NA,NA,NA,NA,NA,NA,NA,NA,NA,NA,NA,NA,NA,NA,NA,NA,NA,NA,NA,NA,NA,NA,NA,NA,NA,NA,1266
"Turkey","TUR",2009,NA,NA,NA,NA,NA,NA,NA,NA,NA,NA,NA,NA,NA,NA,NA,NA,NA,NA,NA,NA,NA,NA,NA,NA,NA,NA,NA,NA,NA,NA,NA,1267
"Turkey","TUR",2010,NA,NA,NA,NA,NA,NA,NA,NA,NA,NA,NA,NA,NA,NA,NA,NA,NA,NA,NA,NA,NA,NA,NA,65.7,NA,NA,NA,NA,NA,NA,NA,1268
"Turkey","TUR",2011,NA,NA,NA,NA,NA,NA,NA,NA,NA,NA,NA,NA,NA,NA,NA,NA,NA,NA,NA,NA,NA,NA,NA,63.8,NA,NA,NA,NA,NA,NA,NA,1269
"Turkey","TUR",2012,NA,NA,NA,NA,NA,NA,NA,NA,NA,NA,NA,NA,NA,NA,NA,NA,NA,NA,NA,NA,NA,NA,NA,61.3,NA,NA,NA,NA,NA,NA,NA,1270
"Turkey","TUR",2013,NA,NA,NA,NA,NA,NA,NA,NA,NA,NA,NA,NA,NA,NA,NA,NA,NA,NA,NA,NA,NA,NA,NA,51.2,NA,NA,NA,NA,NA,NA,NA,1271
"Turkey","TUR",2014,NA,NA,NA,NA,NA,NA,NA,NA,NA,NA,NA,NA,NA,NA,NA,NA,NA,NA,NA,NA,NA,NA,NA,41.6,NA,NA,NA,NA,NA,NA,NA,1272
"Turkiye","TUR",1990,"TR",NA,NA,17.4762288321229,NA,NA,NA,13.3651028519296,9.26614667149315,2689.52621921233,9209.98011882957,0.0716495702541106,NA,3.15184055510048,31678515378.6849,NA,NA,NA,17.5778926485052,33.1091126348808,59.513,NA,1.87208457619709,NA,48.0543438384247,30.9429955004348,NA,NA,NA,8.015,NA,1274
"Turkiye","TUR",1991,"TR",NA,NA,15.2470755823245,NA,22.8067137867437,52.318,13.8411301141106,0.720279035610119,2649.27259974439,9114.53762541129,0.11892293068012,NA,3.12110015053852,32667233569.8574,NA,NA,NA,16.6348815592789,-5.28482100145749,60.083,NA,1.75939857025913,NA,49.6879705972019,30.4760116733895,NA,NA,NA,8.113,8.21,1275
"Turkiye","TUR",1992,"TR",NA,NA,14.9836651520805,NA,24.1997794133561,51.226,14.3922357339889,5.03563493896803,2743.65320297936,9411.68741739868,0.202259487107624,NA,11.0010392565586,36260968758.9091,NA,NA,NA,17.345129910515,10.9151709687366,58.938,NA,1.70479077867469,NA,50.1136396894733,31.737365644504,NA,NA,NA,8.184,8.509,1276
"Turkiye","TUR",1993,"TR",NA,NA,15.4160185614868,NA,24.359354869741,47.479,13.673802849848,7.65126520301509,3057.93737480422,9958.51875824018,0.335940554932736,NA,7.68543850625495,39047783214.6473,NA,NA,NA,19.3432849256138,35.7855326205732,55.084,36612690000,1.72507084421117,NA,50.6623779162589,33.0170877754618,NA,NA,NA,8.255,8.962,1277
"Turkiye","TUR",1994,"TR",NA,NA,15.4628347718716,NA,23.2008259707407,49.962,21.3621312072128,-4.66814736394839,2176.2801813809,9330.01977435742,0.689400364349776,NA,15.1798521119972,44975178959.6441,NA,NA,NA,20.3837211337284,-21.8757784743394,57.563,21605060000,1.73850114428048,NA,48.9432260759283,41.7458523409412,NA,NA,NA,8.149,8.577,1278
"Turkiye","TUR",1995,"TR",NA,NA,11.4932219399825,NA,22.8801088517615,49.988,18.3238507569896,7.87826687618991,3845.98997887841,9901.66817745324,1.30374789798206,NA,7.98452705966351,48566234293.809,NA,NA,NA,17.6686297382878,29.5841674402635,56.86,20771720000,1.63671354378767,NA,44.8004640307402,35.9924804952774,NA,NA,NA,7.241,7.644,1279
"Turkiye","TUR",1996,"TR",NA,NA,12.1491868936681,NA,23.5102702736249,50.172,19.5581113911938,7.15779847930847,4041.36210281686,10451.7049582983,2.35211962817638,NA,20.2864325237732,58418590643.1601,NA,NA,NA,20.0896066432611,20.0631158592121,56.436,30311800000,1.5070440949697,NA,46.159891151826,39.6477180344549,NA,NA,NA,6.265,6.629,1280
"Turkiye","TUR",1997,"TR",NA,NA,10.5914720419092,NA,24.781536770091,48.958,21.4390354082889,7.3578623747848,4197.37636165642,11059.7288837571,4.36716549887892,NA,17.1006105606321,68408526324.0568,NA,NA,NA,21.3220312744105,20.9736347303673,55.297,61095030000,1.44522126567333,NA,47.0972927038569,42.7610666826994,NA,NA,NA,6.452,6.841,1281
"Turkiye","TUR",1998,"TR",NA,NA,12.4484631042041,NA,24.4169894885646,49.159,20.6544822015948,1.90857064345151,4331.02761275037,11114.9415175165,8.06359304932735,NA,10.8170032052176,75808278809.1721,NA,NA,NA,19.7225065361954,2.12471024478191,55.417,33645590000,1.39260558297453,NA,48.6380952678038,40.3769887377902,NA,NA,NA,6.552,6.888,1282
"Turkiye","TUR",1999,"TR",NA,NA,10.4493651539506,NA,24.1843825594786,48.649,18.8307575753475,-3.05277055759434,3973.77763854116,10632.5676787793,13.2942432735426,NA,-9.97949959785495,68242991930.27,NA,NA,NA,18.8357467519768,-3.23297057068086,55.278,112715840000,1.33651905329422,NA,52.5384242537272,37.6665043273244,NA,NA,NA,7.445,7.687,1283
"Turkiye","TUR",2000,"TR",NA,NA,10.01837794564,NA,26.2681751143831,46.704,19.9334162657424,6.98528697817062,4199.3798635759,11230.273048645,20.5948262331839,46.7,19.1066820929798,81281963449.1246,NA,NA,NA,22.4412584330653,21.6685779633506,52.576,69710920000,1.28297648712556,NA,52.7841421080474,42.3746746988077,5.724,NA,10.64,6.488,6.495,1284
"Turkiye","TUR",2001,"TR",NA,NA,8.77213969287109,NA,24.9818138839444,45.646,27.2970601933763,-5.45940838563062,3052.2256706793,10485.8779441108,31.7984505792227,45.643,5.03660672947197,85375816290.0502,NA,NA,NA,22.6477228745251,-24.1501086193526,52.519,48387990000,1.2442785656482,NA,54.9929413055269,49.9447830679013,7.921,NA,13.269,8.373,8.381,1285
"Turkiye","TUR",2002,"TR",NA,NA,10.1712688801184,NA,25.3413565064741,44.442,25.2651261294128,6.43550883793114,3591.08628982587,11026.9220722013,46.0963443572496,44.449,8.50913732802654,92640561743.0942,NA,NA,NA,22.8374839940274,21.3606075741785,52.515,36043970000,1.20587153637377,NA,53.5798335907302,48.1026101234402,9.786,NA,14.698,10.345,10.358,1286
"Turkiye","TUR",2003,"TR",NA,NA,9.77425990072158,NA,25.0508373590589,43.236,23.1946607252779,5.79909321038525,4649.63668068586,11531.726520907,56.05427877429,43.235,7.94280193318939,99998818072.1422,NA,NA,NA,23.1734946135067,23.3424949012179,51.327,6.8379e+10,1.16094416683032,NA,53.1447158950484,46.3681553387846,10.18,NA,12.772,10.546,10.542,1287
"Turkiye","TUR",2004,"TR",NA,NA,9.30334217653319,NA,27.2793407626019,41.287,23.8544386839448,9.92540551918624,5979.6054216148,12535.6809917312,60.8739723467862,41.292,12.4132659978053,112411937354.099,NA,NA,NA,25.1390188595817,21.1317782628774,49.481,9.8298e+10,1.11548254617054,NA,53.0924442854082,48.9934575435266,9.858,12.223,15.191,10.831,10.838,1288
"Turkiye","TUR",2005,"TR",NA,NA,9.1349746278064,NA,28.7768518642608,41.493,22.118798245903,9.11157745861635,7331.85429430255,13532.4899667252,65.8529521674141,41.495,8.50572973507013,121973392935.395,NA,NA,NA,24.1900326387181,12.1927926751404,49.775,159997200000,1.06864181704433,NA,53.0676190740982,46.3088308846211,10.15,10.032,13.775,10.634,10.636,1289
"Turkiye","TUR",2006,"TR",NA,NA,8.06197674009426,NA,29.213227576963,41.54,22.6756853295786,7.06762607623939,7990.08251407245,14340.8538202872,72.1730194319881,41.532,5.92882370839089,129204980373.677,NA,NA,NA,26.2699913345528,7.18237851185614,49.805,160875110000,1.02715519431982,NA,53.4630321736613,48.9456766641314,9.851,9.57,12.975,10.233,10.227,1290
"Turkiye","TUR",2007,"TR",NA,NA,7.41825141005247,NA,29.1970888257755,41.475,22.1875803331528,5.10818513903604,9766.91734545294,15049.184148513,78.4926195814649,41.481,7.1085089588282,138389527978.792,NA,NA,NA,25.8398878465602,9.69959393151554,49.89,284530840000,0.160856263475951,NA,54.9271377639359,48.027468179713,9.701,9.73,12.977,10.281,10.285,1291
"Turkiye","TUR",2008,"TR",NA,NA,7.38022403324347,NA,29.2665200496327,41.745,23.9213779600098,0.920118221365883,10913.4079047769,14996.650195932,86.6904895366218,41.743,3.90460093169874,143793086777.626,NA,NA,NA,26.8398720466583,-2.93449793534359,50.629,117584350000,1.26560336535681,NA,55.5939145088505,50.7612500066681,10.619,10.342,12.937,10.97,10.965,1292
"Turkiye","TUR",2009,"TR",NA,NA,8.01952664747498,NA,27.710364093047,41.164,23.7578595278795,-4.88269401706633,9076.92472236977,14068.8702426842,92.1094917787743,41.167,-3.155776005974,139255299046.848,NA,NA,NA,23.2812790453404,-14.3754552538762,51.725,231676450000,1.3803027157145,NA,57.2740017785727,47.0391385732199,13.812,12.141,16.872,14.024,14.026,1293
"Turkiye","TUR",2010,"TR",NA,NA,8.90737962747164,NA,28.6990495125983,43.007,21.5899457839207,8.54219848467686,10698.9699409757,15040.3877668349,100,43.003,2.32107884111224,142487524328.152,NA,NA,NA,25.3533908870685,19.3374589872977,52.754,302443140000,1.51943093763293,NA,54.658291110913,46.9433366709891,11.556,10.984,14.595,11.881,11.879,1294
"Turkiye","TUR",2011,"TR",NA,NA,8.1265846445357,NA,28.9650366794661,44.983,23.4903574412774,10.9799625273598,11373.6355760885,16448.6077796061,106.471879671151,44.989,13.3746965339959,161544798305.846,NA,NA,NA,30.1612264563406,14.5166652767738,53.862,197074460000,1.46777416449143,NA,53.1764169502883,53.651583897618,9.159,10.438,11.844,9.784,9.789,1295
"Turkiye","TUR",2012,"TR",NA,NA,7.658344974583,NA,28.5007782275892,45.357,24.9658181147838,4.80762696633448,11776.7593362033,17021.036489562,115.938901345291,45.356,15.0242724994096,185815729011.937,NA,NA,NA,28.3619431820769,0.34021920892539,54.03,315197530000,1.27471801981307,NA,54.0902575185714,53.3277612968607,8.599,10.068,10.959,9.21,9.21,1296
"Turkiye","TUR",2013,"TR",NA,NA,6.64997261417217,NA,28.8625238348854,45.902,24.403259811358,8.48825689298511,12635.5570016068,18230.1646759195,124.626307922272,45.899,4.72038357083602,194586944156.246,NA,NA,NA,28.6650931929463,10.4762446075252,55.036,195745520000,1.28441474668,NA,53.3643455931878,53.0683530043043,9.184,10.34,11.255,9.717,9.713,1297
"Turkiye","TUR",2014,"TR",NA,NA,6.53828042868413,NA,28.9211378228255,45.511,25.8173246854016,4.60079447270559,12209.3862327674,18813.3682419569,135.661434977578,45.507,7.02947283971341,208265380545.338,NA,NA,NA,28.4894493558784,-0.00564388784069081,54.824,219762560000,1.3490889002021,NA,53.828575166833,54.30677404128,9.282,10.649,11.297,9.912,9.901,1298
