"origin","origin_en","year","net_migration"
"Autriche","Austria",1991,569
"Autriche","Austria",1992,337
"Autriche","Austria",1993,121
"Autriche","Austria",1994,306
"Autriche","Austria",1995,-70
"Autriche","Austria",1996,48
"Autriche","Austria",1997,9
"Autriche","Austria",1998,107
"Autriche","Austria",1999,233
"Autriche","Austria",2000,863
"Autriche","Austria",2001,1196
"Autriche","Austria",2002,1384
"Autriche","Austria",2003,858
"Autriche","Austria",2004,994
"Autriche","Austria",2005,595
"Autriche","Austria",2006,315
"Autriche","Austria",2007,1430
"Autriche","Austria",2008,1805
"Autriche","Austria",2009,1300
"Autriche","Austria",2010,917
"Autriche","Austria",2011,1218
"Autriche","Austria",2012,1287
"Autriche","Austria",2013,1157
"Autriche","Austria",2014,1166
"Autriche","Austria",2015,1250
"Autriche","Austria",2016,1121
"Autriche","Austria",2017,1053
"Autriche","Austria",2018,913
"Autriche","Austria",2019,1043
"Autriche","Austria",2020,978
"Autriche","Austria",2021,1073
"Autriche","Austria",2022,1340
"Autriche","Austria",2023,1492
"Autriche","Austria",2024,1168
"Bosnie et Herzégovine","Bosnia and Herzegovina",1991,NA
"Bosnie et Herzégovine","Bosnia and Herzegovina",1992,69
"Bosnie et Herzégovine","Bosnia and Herzegovina",1993,3704
"Bosnie et Herzégovine","Bosnia and Herzegovina",1994,3493
"Bosnie et Herzégovine","Bosnia and Herzegovina",1995,1294
"Bosnie et Herzégovine","Bosnia and Herzegovina",1996,-121
"Bosnie et Herzégovine","Bosnia and Herzegovina",1997,118
"Bosnie et Herzégovine","Bosnia and Herzegovina",1998,17
"Bosnie et Herzégovine","Bosnia and Herzegovina",1999,309
"Bosnie et Herzégovine","Bosnia and Herzegovina",2000,395
"Bosnie et Herzégovine","Bosnia and Herzegovina",2001,817
"Bosnie et Herzégovine","Bosnia and Herzegovina",2002,1036
"Bosnie et Herzégovine","Bosnia and Herzegovina",2003,864
"Bosnie et Herzégovine","Bosnia and Herzegovina",2004,949
"Bosnie et Herzégovine","Bosnia and Herzegovina",2005,751
"Bosnie et Herzégovine","Bosnia and Herzegovina",2006,729
"Bosnie et Herzégovine","Bosnia and Herzegovina",2007,672
"Bosnie et Herzégovine","Bosnia and Herzegovina",2008,767
"Bosnie et Herzégovine","Bosnia and Herzegovina",2009,484
"Bosnie et Herzégovine","Bosnia and Herzegovina",2010,508
"Bosnie et Herzégovine","Bosnia and Herzegovina",2011,172
"Bosnie et Herzégovine","Bosnia and Herzegovina",2012,297
"Bosnie et Herzégovine","Bosnia and Herzegovina",2013,347
"Bosnie et Herzégovine","Bosnia and Herzegovina",2014,306
"Bosnie et Herzégovine","Bosnia and Herzegovina",2015,343
"Bosnie et Herzégovine","Bosnia and Herzegovina",2016,285
"Bosnie et Herzégovine","Bosnia and Herzegovina",2017,205
"Bosnie et Herzégovine","Bosnia and Herzegovina",2018,211
"Bosnie et Herzégovine","Bosnia and Herzegovina",2019,87
"Bosnie et Herzégovine","Bosnia and Herzegovina",2020,47
"Bosnie et Herzégovine","Bosnia and Herzegovina",2021,-1
"Bosnie et Herzégovine","Bosnia and Herzegovina",2022,62
"Bosnie et Herzégovine","Bosnia and Herzegovina",2023,26
"Bosnie et Herzégovine","Bosnia and Herzegovina",2024,-38
"Croatie","Croatia",1991,NA
"Croatie","Croatia",1992,429
"Croatie","Croatia",1993,1416
"Croatie","Croatia",1994,1961
"Croatie","Croatia",1995,858
"Croatie","Croatia",1996,-688
"Croatie","Croatia",1997,-844
"Croatie","Croatia",1998,-1040
"Croatie","Croatia",1999,-225
"Croatie","Croatia",2000,89
"Croatie","Croatia",2001,445
"Croatie","Croatia",2002,341
"Croatie","Croatia",2003,229
"Croatie","Croatia",2004,92
"Croatie","Croatia",2005,-22
"Croatie","Croatia",2006,-75
"Croatie","Croatia",2007,-38
"Croatie","Croatia",2008,20
"Croatie","Croatia",2009,71
"Croatie","Croatia",2010,-55
"Croatie","Croatia",2011,16
"Croatie","Croatia",2012,11
"Croatie","Croatia",2013,-126
"Croatie","Croatia",2014,126
"Croatie","Croatia",2015,104
"Croatie","Croatia",2016,118
"Croatie","Croatia",2017,142
"Croatie","Croatia",2018,360
"Croatie","Croatia",2019,239
"Croatie","Croatia",2020,257
"Croatie","Croatia",2021,212
"Croatie","Croatia",2022,2928
"Croatie","Croatia",2023,1473
"Croatie","Croatia",2024,871
"France","France",1991,1173
"France","France",1992,1227
"France","France",1993,1020
"France","France",1994,1768
"France","France",1995,1159
"France","France",1996,958
"France","France",1997,1170
"France","France",1998,1715
"France","France",1999,2181
"France","France",2000,2377
"France","France",2001,2200
"France","France",2002,2752
"France","France",2003,2636
"France","France",2004,2639
"France","France",2005,2714
"France","France",2006,3505
"France","France",2007,6848
"France","France",2008,8763
"France","France",2009,5856
"France","France",2010,4940
"France","France",2011,5365
"France","France",2012,5308
"France","France",2013,7460
"France","France",2014,7867
"France","France",2015,7582
"France","France",2016,6418
"France","France",2017,6392
"France","France",2018,5206
"France","France",2019,5715
"France","France",2020,8476
"France","France",2021,7296
"France","France",2022,8480
"France","France",2023,10631
"France","France",2024,10448
"Allemagne","Germany",1991,2667
"Allemagne","Germany",1992,2556
"Allemagne","Germany",1993,1474
"Allemagne","Germany",1994,2537
"Allemagne","Germany",1995,1779
"Allemagne","Germany",1996,1887
"Allemagne","Germany",1997,2132
"Allemagne","Germany",1998,3239
"Allemagne","Germany",1999,4534
"Allemagne","Germany",2000,6037
"Allemagne","Germany",2001,7685
"Allemagne","Germany",2002,8885
"Allemagne","Germany",2003,9027
"Allemagne","Germany",2004,11510
"Allemagne","Germany",2005,12910
"Allemagne","Germany",2006,16008
"Allemagne","Germany",2007,30595
"Allemagne","Germany",2008,34153
"Allemagne","Germany",2009,20741
"Allemagne","Germany",2010,16087
"Allemagne","Germany",2011,14346
"Allemagne","Germany",2012,11115
"Allemagne","Germany",2013,10457
"Allemagne","Germany",2014,8436
"Allemagne","Germany",2015,6715
"Allemagne","Germany",2016,6119
"Allemagne","Germany",2017,5594
"Allemagne","Germany",2018,6301
"Allemagne","Germany",2019,6561
"Allemagne","Germany",2020,7658
"Allemagne","Germany",2021,9024
"Allemagne","Germany",2022,12147
"Allemagne","Germany",2023,14518
"Allemagne","Germany",2024,13361
"Italie","Italy",1991,-1432
"Italie","Italy",1992,-6044
"Italie","Italy",1993,-3478
"Italie","Italy",1994,-2417
"Italie","Italy",1995,-4140
"Italie","Italy",1996,-6898
"Italie","Italy",1997,-6091
"Italie","Italy",1998,-4726
"Italie","Italy",1999,-3985
"Italie","Italy",2000,-3622
"Italie","Italy",2001,-2383
"Italie","Italy",2002,-297
"Italie","Italy",2003,-204
"Italie","Italy",2004,-153
"Italie","Italy",2005,-456
"Italie","Italy",2006,-472
"Italie","Italy",2007,2213
"Italie","Italy",2008,4993
"Italie","Italy",2009,3475
"Italie","Italy",2010,3987
"Italie","Italy",2011,5385
"Italie","Italy",2012,8523
"Italie","Italy",2013,11733
"Italie","Italy",2014,12049
"Italie","Italy",2015,10956
"Italie","Italy",2016,9980
"Italie","Italy",2017,6901
"Italie","Italy",2018,7126
"Italie","Italy",2019,6839
"Italie","Italy",2020,8735
"Italie","Italy",2021,7357
"Italie","Italy",2022,9149
"Italie","Italy",2023,9789
"Italie","Italy",2024,8197
"Kosovo","Kosovo",1991,NA
"Kosovo","Kosovo",1992,NA
"Kosovo","Kosovo",1993,NA
"Kosovo","Kosovo",1994,NA
"Kosovo","Kosovo",1995,NA
"Kosovo","Kosovo",1996,NA
"Kosovo","Kosovo",1997,NA
"Kosovo","Kosovo",1998,NA
"Kosovo","Kosovo",1999,NA
"Kosovo","Kosovo",2000,NA
"Kosovo","Kosovo",2001,NA
"Kosovo","Kosovo",2002,NA
"Kosovo","Kosovo",2003,NA
"Kosovo","Kosovo",2004,NA
"Kosovo","Kosovo",2005,NA
"Kosovo","Kosovo",2006,NA
"Kosovo","Kosovo",2007,NA
"Kosovo","Kosovo",2008,NA
"Kosovo","Kosovo",2009,NA
"Kosovo","Kosovo",2010,2271
"Kosovo","Kosovo",2011,1963
"Kosovo","Kosovo",2012,2043
"Kosovo","Kosovo",2013,2182
"Kosovo","Kosovo",2014,1971
"Kosovo","Kosovo",2015,2133
"Kosovo","Kosovo",2016,2027
"Kosovo","Kosovo",2017,2029
"Kosovo","Kosovo",2018,2081
"Kosovo","Kosovo",2019,1734
"Kosovo","Kosovo",2020,1448
"Kosovo","Kosovo",2021,1762
"Kosovo","Kosovo",2022,1735
"Kosovo","Kosovo",2023,1711
"Kosovo","Kosovo",2024,1421
"Monténégro","Montenegro",1991,NA
"Monténégro","Montenegro",1992,NA
"Monténégro","Montenegro",1993,NA
"Monténégro","Montenegro",1994,NA
"Monténégro","Montenegro",1995,NA
"Monténégro","Montenegro",1996,NA
"Monténégro","Montenegro",1997,NA
"Monténégro","Montenegro",1998,NA
"Monténégro","Montenegro",1999,NA
"Monténégro","Montenegro",2000,NA
"Monténégro","Montenegro",2001,NA
"Monténégro","Montenegro",2002,NA
"Monténégro","Montenegro",2003,NA
"Monténégro","Montenegro",2004,NA
"Monténégro","Montenegro",2005,NA
"Monténégro","Montenegro",2006,NA
"Monténégro","Montenegro",2007,NA
"Monténégro","Montenegro",2008,NA
"Monténégro","Montenegro",2009,NA
"Monténégro","Montenegro",2010,40
"Monténégro","Montenegro",2011,49
"Monténégro","Montenegro",2012,47
"Monténégro","Montenegro",2013,66
"Monténégro","Montenegro",2014,18
"Monténégro","Montenegro",2015,38
"Monténégro","Montenegro",2016,60
"Monténégro","Montenegro",2017,21
"Monténégro","Montenegro",2018,20
"Monténégro","Montenegro",2019,42
"Monténégro","Montenegro",2020,15
"Monténégro","Montenegro",2021,14
"Monténégro","Montenegro",2022,32
"Monténégro","Montenegro",2023,26
"Monténégro","Montenegro",2024,0
"Pays-Bas","Netherlands",1991,351
"Pays-Bas","Netherlands",1992,394
"Pays-Bas","Netherlands",1993,94
"Pays-Bas","Netherlands",1994,397
"Pays-Bas","Netherlands",1995,336
"Pays-Bas","Netherlands",1996,101
"Pays-Bas","Netherlands",1997,-165
"Pays-Bas","Netherlands",1998,-273
"Pays-Bas","Netherlands",1999,72
"Pays-Bas","Netherlands",2000,241
"Pays-Bas","Netherlands",2001,385
"Pays-Bas","Netherlands",2002,290
"Pays-Bas","Netherlands",2003,286
"Pays-Bas","Netherlands",2004,398
"Pays-Bas","Netherlands",2005,498
"Pays-Bas","Netherlands",2006,481
"Pays-Bas","Netherlands",2007,1005
"Pays-Bas","Netherlands",2008,1125
"Pays-Bas","Netherlands",2009,642
"Pays-Bas","Netherlands",2010,689
"Pays-Bas","Netherlands",2011,454
"Pays-Bas","Netherlands",2012,351
"Pays-Bas","Netherlands",2013,614
"Pays-Bas","Netherlands",2014,573
"Pays-Bas","Netherlands",2015,358
"Pays-Bas","Netherlands",2016,525
"Pays-Bas","Netherlands",2017,268
"Pays-Bas","Netherlands",2018,172
"Pays-Bas","Netherlands",2019,333
"Pays-Bas","Netherlands",2020,430
"Pays-Bas","Netherlands",2021,433
"Pays-Bas","Netherlands",2022,514
"Pays-Bas","Netherlands",2023,409
"Pays-Bas","Netherlands",2024,428
"Macédoine du Nord","North Macedonia",1991,NA
"Macédoine du Nord","North Macedonia",1992,NA
"Macédoine du Nord","North Macedonia",1993,602
"Macédoine du Nord","North Macedonia",1994,3361
"Macédoine du Nord","North Macedonia",1995,3128
"Macédoine du Nord","North Macedonia",1996,1552
"Macédoine du Nord","North Macedonia",1997,1129
"Macédoine du Nord","North Macedonia",1998,1225
"Macédoine du Nord","North Macedonia",1999,1713
"Macédoine du Nord","North Macedonia",2000,1554
"Macédoine du Nord","North Macedonia",2001,2156
"Macédoine du Nord","North Macedonia",2002,1702
"Macédoine du Nord","North Macedonia",2003,1254
"Macédoine du Nord","North Macedonia",2004,1127
"Macédoine du Nord","North Macedonia",2005,895
"Macédoine du Nord","North Macedonia",2006,815
"Macédoine du Nord","North Macedonia",2007,895
"Macédoine du Nord","North Macedonia",2008,937
"Macédoine du Nord","North Macedonia",2009,960
"Macédoine du Nord","North Macedonia",2010,825
"Macédoine du Nord","North Macedonia",2011,903
"Macédoine du Nord","North Macedonia",2012,1033
"Macédoine du Nord","North Macedonia",2013,1020
"Macédoine du Nord","North Macedonia",2014,1037
"Macédoine du Nord","North Macedonia",2015,1287
"Macédoine du Nord","North Macedonia",2016,1445
"Macédoine du Nord","North Macedonia",2017,1434
"Macédoine du Nord","North Macedonia",2018,1393
"Macédoine du Nord","North Macedonia",2019,1394
"Macédoine du Nord","North Macedonia",2020,1178
"Macédoine du Nord","North Macedonia",2021,1463
"Macédoine du Nord","North Macedonia",2022,1520
"Macédoine du Nord","North Macedonia",2023,1463
"Macédoine du Nord","North Macedonia",2024,1077
"Portugal","Portugal",1991,13794
"Portugal","Portugal",1992,8499
"Portugal","Portugal",1993,5929
"Portugal","Portugal",1994,4669
"Portugal","Portugal",1995,2678
"Portugal","Portugal",1996,-1124
"Portugal","Portugal",1997,-3744
"Portugal","Portugal",1998,-3155
"Portugal","Portugal",1999,-3515
"Portugal","Portugal",2000,-2409
"Portugal","Portugal",2001,-1162
"Portugal","Portugal",2002,4124
"Portugal","Portugal",2003,7744
"Portugal","Portugal",2004,8974
"Portugal","Portugal",2005,7180
"Portugal","Portugal",2006,6803
"Portugal","Portugal",2007,9355
"Portugal","Portugal",2008,13424
"Portugal","Portugal",2009,9299
"Portugal","Portugal",2010,7684
"Portugal","Portugal",2011,10982
"Portugal","Portugal",2012,14485
"Portugal","Portugal",2013,15092
"Portugal","Portugal",2014,9298
"Portugal","Portugal",2015,5591
"Portugal","Portugal",2016,2464
"Portugal","Portugal",2017,-858
"Portugal","Portugal",2018,-2176
"Portugal","Portugal",2019,-2673
"Portugal","Portugal",2020,-2530
"Portugal","Portugal",2021,-2608
"Portugal","Portugal",2022,-1318
"Portugal","Portugal",2023,2207
"Portugal","Portugal",2024,2128
"Serbie 3","Serbia",1991,NA
"Serbie 3","Serbia",1992,NA
"Serbie 3","Serbia",1993,NA
"Serbie 3","Serbia",1994,NA
"Serbie 3","Serbia",1995,NA
"Serbie 3","Serbia",1996,NA
"Serbie 3","Serbia",1997,NA
"Serbie 3","Serbia",1998,NA
"Serbie 3","Serbia",1999,NA
"Serbie 3","Serbia",2000,NA
"Serbie 3","Serbia",2001,NA
"Serbie 3","Serbia",2002,NA
"Serbie 3","Serbia",2003,NA
"Serbie 3","Serbia",2004,NA
"Serbie 3","Serbia",2005,NA
"Serbie 3","Serbia",2006,NA
"Serbie 3","Serbia",2007,NA
"Serbie 3","Serbia",2008,NA
"Serbie 3","Serbia",2009,NA
"Serbie 3","Serbia",2010,1147
"Serbie 3","Serbia",2011,265
"Serbie 3","Serbia",2012,445
"Serbie 3","Serbia",2013,406
"Serbie 3","Serbia",2014,283
"Serbie 3","Serbia",2015,371
"Serbie 3","Serbia",2016,421
"Serbie 3","Serbia",2017,284
"Serbie 3","Serbia",2018,162
"Serbie 3","Serbia",2019,165
"Serbie 3","Serbia",2020,134
"Serbie 3","Serbia",2021,61
"Serbie 3","Serbia",2022,195
"Serbie 3","Serbia",2023,310
"Serbie 3","Serbia",2024,-43
"Espagne","Spain",1991,-1432
"Espagne","Spain",1992,-6733
"Espagne","Spain",1993,-4296
"Espagne","Spain",1994,-2804
"Espagne","Spain",1995,-3364
"Espagne","Spain",1996,-4593
"Espagne","Spain",1997,-4376
"Espagne","Spain",1998,-3990
"Espagne","Spain",1999,-4179
"Espagne","Spain",2000,-3352
"Espagne","Spain",2001,-2517
"Espagne","Spain",2002,-1988
"Espagne","Spain",2003,-1799
"Espagne","Spain",2004,-2175
"Espagne","Spain",2005,-2288
"Espagne","Spain",2006,-2165
"Espagne","Spain",2007,-2204
"Espagne","Spain",2008,161
"Espagne","Spain",2009,734
"Espagne","Spain",2010,811
"Espagne","Spain",2011,2700
"Espagne","Spain",2012,4651
"Espagne","Spain",2013,6407
"Espagne","Spain",2014,4829
"Espagne","Spain",2015,3656
"Espagne","Spain",2016,2193
"Espagne","Spain",2017,1076
"Espagne","Spain",2018,1438
"Espagne","Spain",2019,1459
"Espagne","Spain",2020,2436
"Espagne","Spain",2021,2757
"Espagne","Spain",2022,3808
"Espagne","Spain",2023,4671
"Espagne","Spain",2024,4777
"Türkiye","Turkiye",1991,3950
"Türkiye","Turkiye",1992,2236
"Türkiye","Turkiye",1993,1579
"Türkiye","Turkiye",1994,651
"Türkiye","Turkiye",1995,673
"Türkiye","Turkiye",1996,255
"Türkiye","Turkiye",1997,75
"Türkiye","Turkiye",1998,203
"Türkiye","Turkiye",1999,998
"Türkiye","Turkiye",2000,1075
"Türkiye","Turkiye",2001,1729
"Türkiye","Turkiye",2002,2222
"Türkiye","Turkiye",2003,2072
"Türkiye","Turkiye",2004,1604
"Türkiye","Turkiye",2005,1387
"Türkiye","Turkiye",2006,1080
"Türkiye","Turkiye",2007,1131
"Türkiye","Turkiye",2008,1279
"Türkiye","Turkiye",2009,1416
"Türkiye","Turkiye",2010,1052
"Türkiye","Turkiye",2011,635
"Türkiye","Turkiye",2012,450
"Türkiye","Turkiye",2013,398
"Türkiye","Turkiye",2014,295
"Türkiye","Turkiye",2015,362
"Türkiye","Turkiye",2016,488
"Türkiye","Turkiye",2017,656
"Türkiye","Turkiye",2018,838
"Türkiye","Turkiye",2019,1252
"Türkiye","Turkiye",2020,1276
"Türkiye","Turkiye",2021,1583
"Türkiye","Turkiye",2022,2390
"Türkiye","Turkiye",2023,4734
"Türkiye","Turkiye",2024,4056
"Royaume-Uni","United Kingdom",1991,432
"Royaume-Uni","United Kingdom",1992,476
"Royaume-Uni","United Kingdom",1993,403
"Royaume-Uni","United Kingdom",1994,399
"Royaume-Uni","United Kingdom",1995,330
"Royaume-Uni","United Kingdom",1996,-66
"Royaume-Uni","United Kingdom",1997,-2
"Royaume-Uni","United Kingdom",1998,410
"Royaume-Uni","United Kingdom",1999,894
"Royaume-Uni","United Kingdom",2000,1095
"Royaume-Uni","United Kingdom",2001,1415
"Royaume-Uni","United Kingdom",2002,836
"Royaume-Uni","United Kingdom",2003,820
"Royaume-Uni","United Kingdom",2004,739
"Royaume-Uni","United Kingdom",2005,883
"Royaume-Uni","United Kingdom",2006,1208
"Royaume-Uni","United Kingdom",2007,2834
"Royaume-Uni","United Kingdom",2008,3131
"Royaume-Uni","United Kingdom",2009,2524
"Royaume-Uni","United Kingdom",2010,2196
"Royaume-Uni","United Kingdom",2011,2198
"Royaume-Uni","United Kingdom",2012,977
"Royaume-Uni","United Kingdom",2013,1241
"Royaume-Uni","United Kingdom",2014,872
"Royaume-Uni","United Kingdom",2015,459
"Royaume-Uni","United Kingdom",2016,72
"Royaume-Uni","United Kingdom",2017,684
"Royaume-Uni","United Kingdom",2018,636
"Royaume-Uni","United Kingdom",2019,928
"Royaume-Uni","United Kingdom",2020,1463
"Royaume-Uni","United Kingdom",2021,-238
"Royaume-Uni","United Kingdom",2022,-339
"Royaume-Uni","United Kingdom",2023,-13
"Royaume-Uni","United Kingdom",2024,-7
