Swiss exports by trading partner,,,,,,,,,,,,,,,,,,,,,,,,,,,,,,,,,,,,T 6.5.4
In CHF millions,,,,,,,,,,,,,,,,,,,,,,,,,,,,,,,,,,,,
,,1990,1991,1992,1993,1994,1995,1996,1997,1998,1999,2000,2001,2002,2003,2004,2005,2006,2007,2008,2009,2010,2011,2012,2013,2014,2015,2016,2017,2018,2019,2020,2021,2022,2023,2024
Total 1 2 4,, 88 257, 87 947, 92 142, 93 289, 95 827, 96 236, 98 589, 110 417, 114 055, 120 725, 136 015, 138 492, 142 923, 141 158, 152 757, 162 991, 185 216, 206 252, 215 984, 187 448, 203 484, 208 203, 292 958, 332 137, 285 179, 279 155, 298 408, 294 894, 303 886, 311 977, 299 462, 347 728, 382 668, 377 800, 393 834
Europe,, 60 001, 59 802, 62 330, 61 120, 62 659, 63 356, 63 609, 70 481, 75 870, 78 479, 85 426, 89 331, 91 237, 91 390, 98 739, 105 602, 118 217, 133 075, 137 527, 116 042, 123 984, 123 683, 153 408, 134 121, 133 458, 125 070, 147 546, 137 289, 139 474, 160 031, 142 681, 163 773, 174 304, 169 076, 183 663
,EU, 51 379, 52 518, 55 253, 53 636, 55 144, 56 381, 56 115, 62 574, 67 547, 70 692, 76 312, 79 806, 82 016, 82 459, 88 649, 93 891, 105 398, 117 634, 120 895, 102 821, 107 600, 108 741, 119 886, 116 396, 115 933, 108 016, 112 139, 116 736, 124 094, 126 802, 122 084, 145 289, 156 416, 150 918, 159 279
,Austria, 3 266, 3 333, 3 365, 3 551, 3 431, 3 429, 3 026, 3 383, 3 574, 3 871, 4 158, 4 473, 4 740, 4 661, 4 901, 5 169, 5 848, 6 316, 5 999, 5 478, 6 469, 6 626, 8 040, 8 320, 7 840, 7 527, 7 237, 8 134, 7 479, 6 361, 7 696, 9 375, 10 315, 9 654, 7 724
,Belgium ³, 2 032, 2 067, 2 516, 2 347, 2 367, 2 155, 2 332, 2 614, 2 601, 2 443, 2 579, 2 713, 3 017, 2 758, 2 856, 2 932, 3 238, 3 922, 4 187, 3 890, 3 874, 4 224, 4 991, 5 397, 5 852, 5 608, 6 094, 4 393, 4 394, 4 662, 4 254, 4 625, 4 804, 5 166, 4 879
,France, 8 748, 8 465, 8 726, 8 503, 8 802, 9 166, 9 185, 9 980, 10 875, 11 093, 11 956, 12 386, 13 081, 12 417, 13 512, 14 136, 15 854, 17 216, 18 523, 15 686, 15 578, 14 865, 21 876, 19 186, 17 317, 16 804, 17 287, 17 230, 19 718, 19 237, 15 430, 17 566, 20 006, 18 052, 18 551
,Germany, 19 307, 20 907, 21 593, 21 401, 22 440, 22 912, 22 335, 24 696, 26 287, 27 231, 29 174, 30 014, 29 043, 29 224, 30 922, 31 692, 36 396, 41 920, 42 549, 36 059, 39 278, 41 956, 43 893, 42 047, 43 440, 39 661, 42 734, 45 166, 47 251, 47 685, 46 081, 50 613, 51 030, 46 041, 45 218
,Italy, 7 850, 7 635, 8 058, 7 255, 7 135, 7 300, 7 409, 8 243, 8 783, 9 588, 10 461, 11 039, 12 767, 12 783, 13 712, 14 816, 16 331, 17 973, 18 770, 15 808, 15 981, 16 290, 16 784, 16 831, 16 160, 14 936, 14 390, 15 849, 16 472, 16 063, 14 600, 18 478, 24 015, 24 308, 24 703
,Netherlands, 2 392, 2 396, 2 525, 2 558, 2 554, 2 589, 2 577, 2 892, 3 339, 3 799, 4 152, 4 223, 4 171, 4 485, 4 463, 5 548, 6 076, 6 226, 6 324, 5 363, 5 781, 5 151, 5 177, 5 364, 5 240, 4 820, 5 164, 5 346, 5 327, 6 047, 6 247, 6 725, 6 871, 6 433, 6 362
,Poland,  304,  407,  416,  401,  470,  559,  660,  838,  904, 1 007, 1 132, 1 210, 1 157, 1 144, 1 346, 1 419, 1 741, 2 166, 2 447, 1 819, 2 069, 1 976, 1 894, 2 082, 2 209, 2 104, 2 174, 2 249, 2 699, 2 670, 2 642, 2 990, 2 942, 3 010, 3 056
,Russia,….,….,  267,  327,  430,  365,  429,  593,  525,  355,  556,  833,  885, 1 079, 1 212, 1 555, 2 245, 2 926, 3 180, 2 131, 2 690, 3 011, 2 964, 3 143, 2 908, 2 305, 2 018, 2 261, 2 523, 3 119, 2 808, 3 372, 3 033, 2 587, 2 230
,Spain, 1 880, 2 073, 2 176, 1 860, 1 901, 2 023, 2 202, 2 703, 3 214, 3 493, 3 773, 4 353, 4 547, 4 904, 5 976, 6 595, 6 973, 7 574, 7 388, 6 528, 6 372, 5 797, 5 510, 5 346, 5 846, 5 385, 5 572, 5 794, 6 852, 7 825, 7 530, 12 626, 10 160, 7 722, 6 841
,United Kingdom, 6 573, 5 811, 6 063, 6 409, 6 360, 5 861, 6 208, 6 402, 6 751, 6 604, 7 689, 7 677, 7 289, 6 768, 7 677, 8 803, 8 954, 10 529, 11 116, 9 428, 12 033, 9 953, 28 281, 12 307, 12 636, 13 089, 31 976, 16 734, 10 987, 28 143, 15 784, 12 835, 12 708, 13 234, 19 820
Asia,, 15 650, 15 138, 15 915, 17 825, 18 155, 18 526, 19 424, 21 365, 18 077, 19 675, 24 161, 24 046, 25 655, 25 515, 28 305, 29 486, 34 233, 38 987, 43 012, 38 791, 44 068, 48 219, 98 533, 153 769, 105 621, 108 290, 98 653, 104 851, 106 659, 89 611, 72 377, 110 213, 128 143, 134 310, 126 407
,China,  415,  471,  620,  943,  863,  843,  888,  938,  809,  990, 1 403, 1 668, 2 070, 2 485, 3 107, 3 467, 4 105, 5 419, 6 111, 5 501, 7 467, 8 841, 9 307, 19 453, 16 859, 19 264, 26 769, 23 964, 29 587, 21 437, 16 363, 30 221, 42 115, 40 595, 37 276
,United Arab Emirates,  312,  346,  523,  460,  487,  434,  515,  610,  625,  592,  679,  826, 1 083, 1 004, 1 133, 1 402, 1 754, 1 971, 2 841, 2 226, 2 251, 2 786, 5 099, 8 601, 5 903, 5 093, 4 292, 4 046, 4 840, 3 740, 2 780, 4 229, 5 771, 10 014, 9 963
,Hong Kong, 2 265, 2 287, 2 592, 2 924, 3 160, 2 843, 2 697, 3 198, 2 565, 2 912, 3 841, 4 039, 4 766, 4 144, 4 237, 4 012, 4 694, 5 297, 6 219, 5 427, 6 535, 7 927, 15 178, 47 765, 22 157, 24 237, 18 291, 15 743, 15 670, 9 909, 5 958, 9 322, 7 066, 13 675, 10 758
,India,  393,  310,  358,  405,  534,  660,  666,  591,  581,  512,  656,  656,  659,  759, 1 034, 1 387, 1 887, 2 304, 2 407, 2 155, 2 564, 2 983, 28 713, 23 980, 19 342, 20 613, 14 325, 19 511, 17 446, 17 947, 10 852, 28 706, 14 301, 15 074, 19 890
,Japan, 4 206, 3 767, 3 449, 3 221, 3 713, 3 845, 4 109, 4 448, 4 387, 4 853, 5 767, 5 383, 5 183, 5 409, 5 722, 5 892, 6 726, 6 730, 7 058, 7 147, 6 735, 6 658, 7 171, 6 425, 6 394, 6 592, 7 511, 7 467, 7 765, 8 136, 7 057, 7 717, 9 378, 7 682, 8 170
,Korea (South),  623,  663,  671,  616,  918,  975, 1 161, 1 173,  552,  712, 1 058, 1 058, 1 101, 1 105, 1 313, 1 289, 1 682, 1 895, 1 977, 1 895, 2 272, 2 323, 2 770, 2 885, 2 970, 2 874, 2 901, 3 258, 3 517, 3 663, 2 936, 3 332, 3 607, 3 213, 3 584
,Saudi Arabia,  859,  964, 1 093, 1 491, 1 082, 1 189,  901, 1 076,  917,  838,  986,  994, 1 333, 1 344, 1 113, 1 114, 1 226, 1 551, 1 661, 1 634, 1 632, 1 637, 3 661, 4 893, 4 587, 4 762, 2 767, 1 835, 1 941, 1 807, 1 614, 2 286, 4 808, 6 084, 6 448
,Singapore,  938,  797,  863, 1 311, 1 235, 1 270, 1 446, 1 522, 1 091, 1 283, 1 599, 1 580, 1 530, 1 365, 1 501, 1 633, 1 847, 2 110, 2 292, 2 081, 2 900, 3 153, 6 575, 11 426, 8 319, 7 661, 6 436, 7 290, 6 682, 6 179, 6 358, 7 404, 9 874, 7 719, 5 691
,Taiwan,  653,  644,  897,  954,  975,  938,  931, 1 085, 1 223, 1 328, 1 527, 1 308, 1 188, 1 332, 1 491, 1 346, 1 457, 1 564, 1 614, 1 192, 1 536, 1 808, 2 028, 1 940, 1 874, 1 903, 1 869, 1 875, 2 062, 2 061, 2 372, 2 443, 2 528, 1 943, 2 630
,Thailand,  569,  706,  724,  792,  903,  876,  895,  901,  577,  587,  753,  805,  852,  820,  848,  934, 1 033, 1 046, 1 169,  928, 1 111, 1 134, 5 851, 7 469, 2 887, 2 714, 2 036, 3 564, 3 766, 2 102, 1 974, 3 920, 6 136, 3 743, 4 415
,Türkiye,  811,  686,  684,  862,  583,  947, 1 145, 1 459, 1 332, 1 063, 1 412, 1 203, 1 676, 1 693, 1 997, 2 054, 2 321, 2 639, 2 471, 1 803, 2 112, 2 147, 4 126, 8 250, 4 490, 2 489, 2 307, 6 040, 2 793, 3 350, 5 857, 2 572, 12 190, 14 652, 8 032
North America,, 7 709, 7 913, 8 553, 8 948, 9 340, 8 989, 9 949, 12 242, 13 242, 15 662, 18 693, 17 055, 18 252, 16 936, 17 801, 19 804, 23 263, 22 970, 23 205, 21 352, 23 455, 24 104, 27 427, 28 827, 32 265, 33 043, 39 843, 39 860, 43 933, 48 674, 72 716, 61 479, 66 548, 60 627, 69 383
,Canada,  709,  703,  707,  692,  656,  760,  810,  810,  873,  970, 1 251, 1 377, 1 560, 1 438, 1 994, 2 269, 2 753, 2 896, 2 419, 2 516, 2 891, 2 772, 3 515, 3 522, 3 428, 3 509, 3 470, 3 582, 3 860, 4 458, 3 871, 3 814, 4 128, 3 964, 4 082
,USA, 6 976, 7 153, 7 787, 8 212, 8 673, 8 224, 9 134, 11 418, 12 355, 14 678, 17 427, 15 660, 16 675, 15 442, 15 780, 17 513, 20 477, 20 057, 20 729, 18 776, 20 558, 21 327, 23 909, 25 301, 28 834, 29 516, 36 368, 36 274, 40 068, 44 213, 68 842, 57 662, 62 415, 56 660, 65 297
Central and South America,, 2 180, 2 409, 2 721, 2 704, 2 885, 2 536, 2 844, 3 456, 3 927, 3 835, 4 431, 4 655, 4 292, 4 058, 4 170, 4 186, 4 869, 5 823, 6 362, 5 472, 6 106, 6 211, 6 808, 7 215, 7 084, 6 782, 6 406, 6 736, 7 132, 7 028, 5 847, 6 266, 7 171, 7 589, 8 187
,Brazil,  536,  507,  493,  546,  702,  804,  908, 1 081, 1 229, 1 077, 1 262, 1 236, 1 105, 1 165, 1 251, 1 139, 1 460, 1 867, 2 409, 1 999, 2 317, 2 228, 2 352, 2 227, 2 089, 2 049, 1 911, 2 223, 2 617, 2 515, 2 110, 2 166, 2 407, 2 810, 3 133
Africa,, 1 842, 1 872, 1 776, 1 806, 1 787, 1 765, 1 769, 1 771, 1 901, 1 915, 2 081, 2 142, 2 273, 2 027, 2 260, 2 240, 2 776, 3 152, 3 502, 3 611, 3 432, 3 264, 3 422, 5 048, 3 967, 3 350, 3 393, 3 488, 3 684, 3 758, 3 440, 3 498, 3 631, 3 408, 3 476
Oceania,,  874,  813,  846,  887, 1 002, 1 065,  994, 1 102, 1 037, 1 160, 1 223, 1 263, 1 213, 1 231, 1 480, 1 674, 1 858, 2 244, 2 376, 2 180, 2 438, 2 722, 3 360, 3 157, 2 784, 2 620, 2 567, 2 668, 3 003, 2 875, 2 402, 2 499, 2 870, 2 790, 2 716
,Australia,  694,  683,  714,  743,  843,  899,  835,  900,  880, 1 007, 1 054, 1 101, 1 055, 1 050, 1 287, 1 431, 1 646, 1 982, 2 127, 1 973, 2 179, 2 499, 3 069, 2 909, 2 545, 2 417, 2 338, 2 434, 2 747, 2 609, 2 172, 2 219, 2 584, 2 545, 2 482
1,"since 2002: including electricity, returned goods and goods for processing without change in ownership",,,,,,,,,,,,,,,,,,,,,,,,,,,,,,,,,,,
2,since 2012: including gold and silver bars and coins,,,,,,,,,,,,,,,,,,,,,,,,,,,,,,,,,,,
³,including Luxemburg until 1998,,,,,,,,,,,,,,,,,,,,,,,,,,,,,,,,,,,
4,since 2013: new method for collecting flows of electricity,,,,,,,,,,,,,,,,,,,,,,,,,,,,,,,,,,,
,,,,,,,,,,,,,,,,,,,,,,,,,,,,,,,,,,,,
Source: Federal Office for Customs and Border Security FOCBS,,,,,,,,,,,,,,,,,,,,,,,,,,,,,,,,,,,,
"Enquiries: 058 462 66 10, stat@bazg.admin.ch",,,,,,,,,,,,,,,,,,,,,,,,,,,,,,,,,,,,
Status: 27.05.2025,,,,,,,,,,,,,,,,,,,,,,,,,,,,,,,,,,,,
© FSO 2025,,,,,,,,,,,,,,,,,,,,,,,,,,,,,,,,,,,,
,,,,,,,,,,,,,,,,,,,,,,,,,,,,,,,,,,,,
,,,,,,,,,,,,,,,,,,,,,,,,,,,,,,,,,,,,
,,,,,,,,,,,,,,,,,,,,,,,,,,,,,,,,,,,,
,,,,,,,,,,,,,,,,,,,,,,,,,,,,,,,,,,,,
,,,,,,,,,,,,,,,,,,,,,,,,,,,,,,,,,,,,
,,,,,,,,,,,,,,,,,,,,,,,,,,,,,,,,,,,,
,,,,,,,,,,,,,,,,,,,,,,,,,,,,,,,,,,,,
,,,,,,,,,,,,,,,,,,,,,,,,,,,,,,,,,,,,
,,,,,,,,,,,,,,,,,,,,,,,,,,,,,,,,,,,,
,,,,,,,,,,,,,,,,,,,,,,,,,,,,,,,,,,,,
,,,,,,,,,,,,,,,,,,,,,,,,,,,,,,,,,,,,
,,,,,,,,,,,,,,,,,,,,,,,,,,,,,,,,,,,,
,,,,,,,,,,,,,,,,,,,,,,,,,,,,,,,,,,,,
,,,,,,,,,,,,,,,,,,,,,,,,,,,,,,,,,,,,
,,,,,,,,,,,,,,,,,,,,,,,,,,,,,,,,,,,,
,,,,,,,,,,,,,,,,,,,,,,,,,,,,,,,,,,,,
,,,,,,,,,,,,,,,,,,,,,,,,,,,,,,,,,,,,
,,,,,,,,,,,,,,,,,,,,,,,,,,,,,,,,,,,,
,,,,,,,,,,,,,,,,,,,,,,,,,,,,,,,,,,,,
,,,,,,,,,,,,,,,,,,,,,,,,,,,,,,,,,,,,
,,,,,,,,,,,,,,,,,,,,,,,,,,,,,,,,,,,,
,,,,,,,,,,,,,,,,,,,,,,,,,,,,,,,,,,,,
,,,,,,,,,,,,,,,,,,,,,,,,,,,,,,,,,,,,
,,,,,,,,,,,,,,,,,,,,,,,,,,,,,,,,,,,,
,,,,,,,,,,,,,,,,,,,,,,,,,,,,,,,,,,,,
,,,,,,,,,,,,,,,,,,,,,,,,,,,,,,,,,,,,
,,,,,,,,,,,,,,,,,,,,,,,,,,,,,,,,,,,,
,,,,,,,,,,,,,,,,,,,,,,,,,,,,,,,,,,,,
,,,,,,,,,,,,,,,,,,,,,,,,,,,,,,,,,,,,
,,,,,,,,,,,,,,,,,,,,,,,,,,,,,,,,,,,,
,,,,,,,,,,,,,,,,,,,,,,,,,,,,,,,,,,,,
,,,,,,,,,,,,,,,,,,,,,,,,,,,,,,,,,,,,
,,,,,,,,,,,,,,,,,,,,,,,,,,,,,,,,,,,,
,,,,,,,,,,,,,,,,,,,,,,,,,,,,,,,,,,,,
,,,,,,,,,,,,,,,,,,,,,,,,,,,,,,,,,,,,
,,,,,,,,,,,,,,,,,,,,,,,,,,,,,,,,,,,,
,,,,,,,,,,,,,,,,,,,,,,,,,,,,,,,,,,,,
,,,,,,,,,,,,,,,,,,,,,,,,,,,,,,,,,,,,
,,,,,,,,,,,,,,,,,,,,,,,,,,,,,,,,,,,,
,,,,,,,,,,,,,,,,,,,,,,,,,,,,,,,,,,,,
,,,,,,,,,,,,,,,,,,,,,,,,,,,,,,,,,,,,
,,,,,,,,,,,,,,,,,,,,,,,,,,,,,,,,,,,,
,,,,,,,,,,,,,,,,,,,,,,,,,,,,,,,,,,,,
,,,,,,,,,,,,,,,,,,,,,,,,,,,,,,,,,,,,
,,,,,,,,,,,,,,,,,,,,,,,,,,,,,,,,,,,,
,,,,,,,,,,,,,,,,,,,,,,,,,,,,,,,,,,,,
,,,,,,,,,,,,,,,,,,,,,,,,,,,,,,,,,,,,
,,,,,,,,,,,,,,,,,,,,,,,,,,,,,,,,,,,,
,,,,,,,,,,,,,,,,,,,,,,,,,,,,,,,,,,,,
,,,,,,,,,,,,,,,,,,,,,,,,,,,,,,,,,,,,
,,,,,,,,,,,,,,,,,,,,,,,,,,,,,,,,,,,,
,,,,,,,,,,,,,,,,,,,,,,,,,,,,,,,,,,,,
,,,,,,,,,,,,,,,,,,,,,,,,,,,,,,,,,,,,
,,,,,,,,,,,,,,,,,,,,,,,,,,,,,,,,,,,,
,,,,,,,,,,,,,,,,,,,,,,,,,,,,,,,,,,,,
,,,,,,,,,,,,,,,,,,,,,,,,,,,,,,,,,,,,
,,,,,,,,,,,,,,,,,,,,,,,,,,,,,,,,,,,,
,,,,,,,,,,,,,,,,,,,,,,,,,,,,,,,,,,,,
,,,,,,,,,,,,,,,,,,,,,,,,,,,,,,,,,,,,
,,,,,,,,,,,,,,,,,,,,,,,,,,,,,,,,,,,,
,,,,,,,,,,,,,,,,,,,,,,,,,,,,,,,,,,,,
,,,,,,,,,,,,,,,,,,,,,,,,,,,,,,,,,,,,
,,,,,,,,,,,,,,,,,,,,,,,,,,,,,,,,,,,,
,,,,,,,,,,,,,,,,,,,,,,,,,,,,,,,,,,,,
,,,,,,,,,,,,,,,,,,,,,,,,,,,,,,,,,,,,
,,,,,,,,,,,,,,,,,,,,,,,,,,,,,,,,,,,,
,,,,,,,,,,,,,,,,,,,,,,,,,,,,,,,,,,,,
,,,,,,,,,,,,,,,,,,,,,,,,,,,,,,,,,,,,
,,,,,,,,,,,,,,,,,,,,,,,,,,,,,,,,,,,,
,,,,,,,,,,,,,,,,,,,,,,,,,,,,,,,,,,,,
,,,,,,,,,,,,,,,,,,,,,,,,,,,,,,,,,,,,
,,,,,,,,,,,,,,,,,,,,,,,,,,,,,,,,,,,,
,,,,,,,,,,,,,,,,,,,,,,,,,,,,,,,,,,,,
,,,,,,,,,,,,,,,,,,,,,,,,,,,,,,,,,,,,
,,,,,,,,,,,,,,,,,,,,,,,,,,,,,,,,,,,,