STRUCTURE,STRUCTURE_ID,STRUCTURE_NAME,ACTION,REF_AREA,Reference area,MEASURE,Measure,UNIT_MEASURE,Unit of measure,PAY_PERIOD,Pay period,PRICE_BASE,Price base,AGGREGATION_OPERATION,Aggregation operation,SEX,Sex,TIME_PERIOD,Time period,OBS_VALUE,Observation value,BASE_PER,Base period,OBS_STATUS,Observation status,UNIT_MULT,Unit multiplier,DECIMALS,Decimals
DATAFLOW,OECD.ELS.SAE:DSD_EARNINGS@AV_AN_WAGE(1.0),Average annual wages,I,CHE,Switzerland,WG,Wages,USD_PPP,"US dollars, PPP converted",A,Annual,Q,Constant prices,MEAN,Mean,_Z,Not applicable,1996,,68613.834,,2024,,A,Normal value,0,Units,0,Zero
DATAFLOW,OECD.ELS.SAE:DSD_EARNINGS@AV_AN_WAGE(1.0),Average annual wages,I,CHE,Switzerland,WG,Wages,CHF,Swiss franc,A,Annual,Q,Constant prices,MEAN,Mean,_Z,Not applicable,2016,,92967.805,,2024,,A,Normal value,0,Units,0,Zero
DATAFLOW,OECD.ELS.SAE:DSD_EARNINGS@AV_AN_WAGE(1.0),Average annual wages,I,CHE,Switzerland,WG,Wages,USD_PPP,"US dollars, PPP converted",A,Annual,Q,Constant prices,MEAN,Mean,_Z,Not applicable,1995,,69463.041,,2024,,A,Normal value,0,Units,0,Zero
DATAFLOW,OECD.ELS.SAE:DSD_EARNINGS@AV_AN_WAGE(1.0),Average annual wages,I,CHE,Switzerland,WG,Wages,CHF,Swiss franc,A,Annual,Q,Constant prices,MEAN,Mean,_Z,Not applicable,1990,,73164.945,,2024,,A,Normal value,0,Units,0,Zero
DATAFLOW,OECD.ELS.SAE:DSD_EARNINGS@AV_AN_WAGE(1.0),Average annual wages,I,CHE,Switzerland,WG,Wages,USD_PPP,"US dollars, PPP converted",A,Annual,Q,Constant prices,MEAN,Mean,_Z,Not applicable,1994,,69416.716,,2024,,A,Normal value,0,Units,0,Zero
DATAFLOW,OECD.ELS.SAE:DSD_EARNINGS@AV_AN_WAGE(1.0),Average annual wages,I,CHE,Switzerland,WG,Wages,USD_PPP,"US dollars, PPP converted",A,Annual,Q,Constant prices,MEAN,Mean,_Z,Not applicable,2024,,87468.235,,2024,,A,Normal value,0,Units,0,Zero
DATAFLOW,OECD.ELS.SAE:DSD_EARNINGS@AV_AN_WAGE(1.0),Average annual wages,I,CHE,Switzerland,WG,Wages,USD_PPP,"US dollars, PPP converted",A,Annual,Q,Constant prices,MEAN,Mean,_Z,Not applicable,2023,,86535.328,,2024,,A,Normal value,0,Units,0,Zero
DATAFLOW,OECD.ELS.SAE:DSD_EARNINGS@AV_AN_WAGE(1.0),Average annual wages,I,CHE,Switzerland,WG,Wages,USD_PPP,"US dollars, PPP converted",A,Annual,Q,Constant prices,MEAN,Mean,_Z,Not applicable,2022,,87339.04,,2024,,A,Normal value,0,Units,0,Zero
DATAFLOW,OECD.ELS.SAE:DSD_EARNINGS@AV_AN_WAGE(1.0),Average annual wages,I,CHE,Switzerland,WG,Wages,USD_PPP,"US dollars, PPP converted",A,Annual,Q,Constant prices,MEAN,Mean,_Z,Not applicable,2011,,81342.649,,2024,,A,Normal value,0,Units,0,Zero
DATAFLOW,OECD.ELS.SAE:DSD_EARNINGS@AV_AN_WAGE(1.0),Average annual wages,I,CHE,Switzerland,WG,Wages,USD_PPP,"US dollars, PPP converted",A,Annual,Q,Constant prices,MEAN,Mean,_Z,Not applicable,2010,,80823.349,,2024,,A,Normal value,0,Units,0,Zero
DATAFLOW,OECD.ELS.SAE:DSD_EARNINGS@AV_AN_WAGE(1.0),Average annual wages,I,CHE,Switzerland,WG,Wages,USD_PPP,"US dollars, PPP converted",A,Annual,Q,Constant prices,MEAN,Mean,_Z,Not applicable,2009,,81197.456,,2024,,A,Normal value,0,Units,0,Zero
DATAFLOW,OECD.ELS.SAE:DSD_EARNINGS@AV_AN_WAGE(1.0),Average annual wages,I,CHE,Switzerland,WG,Wages,USD_PPP,"US dollars, PPP converted",A,Annual,Q,Constant prices,MEAN,Mean,_Z,Not applicable,2008,,79783.509,,2024,,A,Normal value,0,Units,0,Zero
DATAFLOW,OECD.ELS.SAE:DSD_EARNINGS@AV_AN_WAGE(1.0),Average annual wages,I,CHE,Switzerland,WG,Wages,USD_PPP,"US dollars, PPP converted",A,Annual,Q,Constant prices,MEAN,Mean,_Z,Not applicable,2007,,79355.894,,2024,,A,Normal value,0,Units,0,Zero
DATAFLOW,OECD.ELS.SAE:DSD_EARNINGS@AV_AN_WAGE(1.0),Average annual wages,I,CHE,Switzerland,WG,Wages,USD_PPP,"US dollars, PPP converted",A,Annual,Q,Constant prices,MEAN,Mean,_Z,Not applicable,2006,,78428.306,,2024,,A,Normal value,0,Units,0,Zero
DATAFLOW,OECD.ELS.SAE:DSD_EARNINGS@AV_AN_WAGE(1.0),Average annual wages,I,CHE,Switzerland,WG,Wages,USD_PPP,"US dollars, PPP converted",A,Annual,Q,Constant prices,MEAN,Mean,_Z,Not applicable,2005,,78204.109,,2024,,A,Normal value,0,Units,0,Zero
DATAFLOW,OECD.ELS.SAE:DSD_EARNINGS@AV_AN_WAGE(1.0),Average annual wages,I,CHE,Switzerland,WG,Wages,USD_PPP,"US dollars, PPP converted",A,Annual,Q,Constant prices,MEAN,Mean,_Z,Not applicable,2004,,76996.722,,2024,,A,Normal value,0,Units,0,Zero
DATAFLOW,OECD.ELS.SAE:DSD_EARNINGS@AV_AN_WAGE(1.0),Average annual wages,I,CHE,Switzerland,WG,Wages,CHF,Swiss franc,A,Annual,V,Current prices,MEAN,Mean,_Z,Not applicable,1992,,63096.77,,,,A,Normal value,0,Units,0,Zero
DATAFLOW,OECD.ELS.SAE:DSD_EARNINGS@AV_AN_WAGE(1.0),Average annual wages,I,CHE,Switzerland,WG,Wages,USD_PPP,"US dollars, PPP converted",A,Annual,Q,Constant prices,MEAN,Mean,_Z,Not applicable,1998,,70054.013,,2024,,A,Normal value,0,Units,0,Zero
DATAFLOW,OECD.ELS.SAE:DSD_EARNINGS@AV_AN_WAGE(1.0),Average annual wages,I,CHE,Switzerland,WG,Wages,CHF,Swiss franc,A,Annual,Q,Constant prices,MEAN,Mean,_Z,Not applicable,2019,,94014.369,,2024,,A,Normal value,0,Units,0,Zero
DATAFLOW,OECD.ELS.SAE:DSD_EARNINGS@AV_AN_WAGE(1.0),Average annual wages,I,CHE,Switzerland,WG,Wages,CHF,Swiss franc,A,Annual,Q,Constant prices,MEAN,Mean,_Z,Not applicable,2018,,92262.103,,2024,,A,Normal value,0,Units,0,Zero
DATAFLOW,OECD.ELS.SAE:DSD_EARNINGS@AV_AN_WAGE(1.0),Average annual wages,I,CHE,Switzerland,WG,Wages,CHF,Swiss franc,A,Annual,Q,Constant prices,MEAN,Mean,_Z,Not applicable,2017,,92528.35,,2024,,A,Normal value,0,Units,0,Zero
DATAFLOW,OECD.ELS.SAE:DSD_EARNINGS@AV_AN_WAGE(1.0),Average annual wages,I,CHE,Switzerland,WG,Wages,CHF,Swiss franc,A,Annual,Q,Constant prices,MEAN,Mean,_Z,Not applicable,2015,,93298.495,,2024,,A,Normal value,0,Units,0,Zero
DATAFLOW,OECD.ELS.SAE:DSD_EARNINGS@AV_AN_WAGE(1.0),Average annual wages,I,CHE,Switzerland,WG,Wages,CHF,Swiss franc,A,Annual,Q,Constant prices,MEAN,Mean,_Z,Not applicable,2014,,92742.343,,2024,,A,Normal value,0,Units,0,Zero
DATAFLOW,OECD.ELS.SAE:DSD_EARNINGS@AV_AN_WAGE(1.0),Average annual wages,I,CHE,Switzerland,WG,Wages,CHF,Swiss franc,A,Annual,Q,Constant prices,MEAN,Mean,_Z,Not applicable,2013,,92562.082,,2024,,A,Normal value,0,Units,0,Zero
DATAFLOW,OECD.ELS.SAE:DSD_EARNINGS@AV_AN_WAGE(1.0),Average annual wages,I,CHE,Switzerland,WG,Wages,CHF,Swiss franc,A,Annual,Q,Constant prices,MEAN,Mean,_Z,Not applicable,2012,,91374.295,,2024,,A,Normal value,0,Units,0,Zero
DATAFLOW,OECD.ELS.SAE:DSD_EARNINGS@AV_AN_WAGE(1.0),Average annual wages,I,CHE,Switzerland,WG,Wages,CHF,Swiss franc,A,Annual,Q,Constant prices,MEAN,Mean,_Z,Not applicable,2011,,90063.313,,2024,,A,Normal value,0,Units,0,Zero
DATAFLOW,OECD.ELS.SAE:DSD_EARNINGS@AV_AN_WAGE(1.0),Average annual wages,I,CHE,Switzerland,WG,Wages,CHF,Swiss franc,A,Annual,Q,Constant prices,MEAN,Mean,_Z,Not applicable,2010,,89488.34,,2024,,A,Normal value,0,Units,0,Zero
DATAFLOW,OECD.ELS.SAE:DSD_EARNINGS@AV_AN_WAGE(1.0),Average annual wages,I,CHE,Switzerland,WG,Wages,CHF,Swiss franc,A,Annual,Q,Constant prices,MEAN,Mean,_Z,Not applicable,2009,,89902.554,,2024,,A,Normal value,0,Units,0,Zero
DATAFLOW,OECD.ELS.SAE:DSD_EARNINGS@AV_AN_WAGE(1.0),Average annual wages,I,CHE,Switzerland,WG,Wages,CHF,Swiss franc,A,Annual,Q,Constant prices,MEAN,Mean,_Z,Not applicable,2008,,88337.019,,2024,,A,Normal value,0,Units,0,Zero
DATAFLOW,OECD.ELS.SAE:DSD_EARNINGS@AV_AN_WAGE(1.0),Average annual wages,I,CHE,Switzerland,WG,Wages,CHF,Swiss franc,A,Annual,Q,Constant prices,MEAN,Mean,_Z,Not applicable,2007,,87863.56,,2024,,A,Normal value,0,Units,0,Zero
DATAFLOW,OECD.ELS.SAE:DSD_EARNINGS@AV_AN_WAGE(1.0),Average annual wages,I,CHE,Switzerland,WG,Wages,CHF,Swiss franc,A,Annual,Q,Constant prices,MEAN,Mean,_Z,Not applicable,2006,,86836.527,,2024,,A,Normal value,0,Units,0,Zero
DATAFLOW,OECD.ELS.SAE:DSD_EARNINGS@AV_AN_WAGE(1.0),Average annual wages,I,CHE,Switzerland,WG,Wages,CHF,Swiss franc,A,Annual,Q,Constant prices,MEAN,Mean,_Z,Not applicable,2005,,86588.293,,2024,,A,Normal value,0,Units,0,Zero
DATAFLOW,OECD.ELS.SAE:DSD_EARNINGS@AV_AN_WAGE(1.0),Average annual wages,I,CHE,Switzerland,WG,Wages,CHF,Swiss franc,A,Annual,Q,Constant prices,MEAN,Mean,_Z,Not applicable,2004,,85251.463,,2024,,A,Normal value,0,Units,0,Zero
DATAFLOW,OECD.ELS.SAE:DSD_EARNINGS@AV_AN_WAGE(1.0),Average annual wages,I,CHE,Switzerland,WG,Wages,CHF,Swiss franc,A,Annual,Q,Constant prices,MEAN,Mean,_Z,Not applicable,2003,,85871.428,,2024,,A,Normal value,0,Units,0,Zero
DATAFLOW,OECD.ELS.SAE:DSD_EARNINGS@AV_AN_WAGE(1.0),Average annual wages,I,CHE,Switzerland,WG,Wages,CHF,Swiss franc,A,Annual,Q,Constant prices,MEAN,Mean,_Z,Not applicable,2002,,86305.061,,2024,,A,Normal value,0,Units,0,Zero
DATAFLOW,OECD.ELS.SAE:DSD_EARNINGS@AV_AN_WAGE(1.0),Average annual wages,I,CHE,Switzerland,WG,Wages,CHF,Swiss franc,A,Annual,Q,Constant prices,MEAN,Mean,_Z,Not applicable,2001,,84600.427,,2024,,A,Normal value,0,Units,0,Zero
DATAFLOW,OECD.ELS.SAE:DSD_EARNINGS@AV_AN_WAGE(1.0),Average annual wages,I,CHE,Switzerland,WG,Wages,CHF,Swiss franc,A,Annual,Q,Constant prices,MEAN,Mean,_Z,Not applicable,2000,,80146.057,,2024,,A,Normal value,0,Units,0,Zero
DATAFLOW,OECD.ELS.SAE:DSD_EARNINGS@AV_AN_WAGE(1.0),Average annual wages,I,CHE,Switzerland,WG,Wages,CHF,Swiss franc,A,Annual,Q,Constant prices,MEAN,Mean,_Z,Not applicable,1999,,78977.565,,2024,,A,Normal value,0,Units,0,Zero
DATAFLOW,OECD.ELS.SAE:DSD_EARNINGS@AV_AN_WAGE(1.0),Average annual wages,I,CHE,Switzerland,WG,Wages,CHF,Swiss franc,A,Annual,Q,Constant prices,MEAN,Mean,_Z,Not applicable,1998,,77564.434,,2024,,A,Normal value,0,Units,0,Zero
DATAFLOW,OECD.ELS.SAE:DSD_EARNINGS@AV_AN_WAGE(1.0),Average annual wages,I,CHE,Switzerland,WG,Wages,CHF,Swiss franc,A,Annual,Q,Constant prices,MEAN,Mean,_Z,Not applicable,1997,,77334.996,,2024,,A,Normal value,0,Units,0,Zero
DATAFLOW,OECD.ELS.SAE:DSD_EARNINGS@AV_AN_WAGE(1.0),Average annual wages,I,CHE,Switzerland,WG,Wages,CHF,Swiss franc,A,Annual,Q,Constant prices,MEAN,Mean,_Z,Not applicable,1996,,75969.854,,2024,,A,Normal value,0,Units,0,Zero
DATAFLOW,OECD.ELS.SAE:DSD_EARNINGS@AV_AN_WAGE(1.0),Average annual wages,I,CHE,Switzerland,WG,Wages,CHF,Swiss franc,A,Annual,Q,Constant prices,MEAN,Mean,_Z,Not applicable,1995,,76910.104,,2024,,A,Normal value,0,Units,0,Zero
DATAFLOW,OECD.ELS.SAE:DSD_EARNINGS@AV_AN_WAGE(1.0),Average annual wages,I,CHE,Switzerland,WG,Wages,CHF,Swiss franc,A,Annual,Q,Constant prices,MEAN,Mean,_Z,Not applicable,1994,,76858.813,,2024,,A,Normal value,0,Units,0,Zero
DATAFLOW,OECD.ELS.SAE:DSD_EARNINGS@AV_AN_WAGE(1.0),Average annual wages,I,CHE,Switzerland,WG,Wages,CHF,Swiss franc,A,Annual,Q,Constant prices,MEAN,Mean,_Z,Not applicable,1993,,75919.944,,2024,,A,Normal value,0,Units,0,Zero
DATAFLOW,OECD.ELS.SAE:DSD_EARNINGS@AV_AN_WAGE(1.0),Average annual wages,I,CHE,Switzerland,WG,Wages,CHF,Swiss franc,A,Annual,Q,Constant prices,MEAN,Mean,_Z,Not applicable,1992,,75103.318,,2024,,A,Normal value,0,Units,0,Zero
DATAFLOW,OECD.ELS.SAE:DSD_EARNINGS@AV_AN_WAGE(1.0),Average annual wages,I,CHE,Switzerland,WG,Wages,CHF,Swiss franc,A,Annual,Q,Constant prices,MEAN,Mean,_Z,Not applicable,1991,,74463.274,,2024,,A,Normal value,0,Units,0,Zero
DATAFLOW,OECD.ELS.SAE:DSD_EARNINGS@AV_AN_WAGE(1.0),Average annual wages,I,CHE,Switzerland,WG,Wages,USD_PPP,"US dollars, PPP converted",A,Annual,Q,Constant prices,MEAN,Mean,_Z,Not applicable,1993,,68568.756,,2024,,A,Normal value,0,Units,0,Zero
DATAFLOW,OECD.ELS.SAE:DSD_EARNINGS@AV_AN_WAGE(1.0),Average annual wages,I,CHE,Switzerland,WG,Wages,USD_PPP,"US dollars, PPP converted",A,Annual,Q,Constant prices,MEAN,Mean,_Z,Not applicable,1992,,67831.203,,2024,,A,Normal value,0,Units,0,Zero
DATAFLOW,OECD.ELS.SAE:DSD_EARNINGS@AV_AN_WAGE(1.0),Average annual wages,I,CHE,Switzerland,WG,Wages,USD_PPP,"US dollars, PPP converted",A,Annual,Q,Constant prices,MEAN,Mean,_Z,Not applicable,1991,,67253.133,,2024,,A,Normal value,0,Units,0,Zero
DATAFLOW,OECD.ELS.SAE:DSD_EARNINGS@AV_AN_WAGE(1.0),Average annual wages,I,CHE,Switzerland,WG,Wages,USD_PPP,"US dollars, PPP converted",A,Annual,Q,Constant prices,MEAN,Mean,_Z,Not applicable,2012,,82526.691,,2024,,A,Normal value,0,Units,0,Zero
DATAFLOW,OECD.ELS.SAE:DSD_EARNINGS@AV_AN_WAGE(1.0),Average annual wages,I,CHE,Switzerland,WG,Wages,CHF,Swiss franc,A,Annual,V,Current prices,MEAN,Mean,_Z,Not applicable,2024,,96845.617,,,,A,Normal value,0,Units,0,Zero
DATAFLOW,OECD.ELS.SAE:DSD_EARNINGS@AV_AN_WAGE(1.0),Average annual wages,I,CHE,Switzerland,WG,Wages,USD_PPP,"US dollars, PPP converted",A,Annual,Q,Constant prices,MEAN,Mean,_Z,Not applicable,2014,,83762.274,,2024,,A,Normal value,0,Units,0,Zero
DATAFLOW,OECD.ELS.SAE:DSD_EARNINGS@AV_AN_WAGE(1.0),Average annual wages,I,CHE,Switzerland,WG,Wages,USD_PPP,"US dollars, PPP converted",A,Annual,Q,Constant prices,MEAN,Mean,_Z,Not applicable,2013,,83599.467,,2024,,A,Normal value,0,Units,0,Zero
DATAFLOW,OECD.ELS.SAE:DSD_EARNINGS@AV_AN_WAGE(1.0),Average annual wages,I,CHE,Switzerland,WG,Wages,USD_PPP,"US dollars, PPP converted",A,Annual,Q,Constant prices,MEAN,Mean,_Z,Not applicable,1990,,66080.519,,2024,,A,Normal value,0,Units,0,Zero
DATAFLOW,OECD.ELS.SAE:DSD_EARNINGS@AV_AN_WAGE(1.0),Average annual wages,I,CHE,Switzerland,WG,Wages,USD_PPP,"US dollars, PPP converted",A,Annual,Q,Constant prices,MEAN,Mean,_Z,Not applicable,2016,,83965.905,,2024,,A,Normal value,0,Units,0,Zero
DATAFLOW,OECD.ELS.SAE:DSD_EARNINGS@AV_AN_WAGE(1.0),Average annual wages,I,CHE,Switzerland,WG,Wages,USD_PPP,"US dollars, PPP converted",A,Annual,Q,Constant prices,MEAN,Mean,_Z,Not applicable,2015,,84264.574,,2024,,A,Normal value,0,Units,0,Zero
DATAFLOW,OECD.ELS.SAE:DSD_EARNINGS@AV_AN_WAGE(1.0),Average annual wages,I,CHE,Switzerland,WG,Wages,USD_PPP,"US dollars, PPP converted",A,Annual,Q,Constant prices,MEAN,Mean,_Z,Not applicable,2021,,86386.832,,2024,,A,Normal value,0,Units,0,Zero
DATAFLOW,OECD.ELS.SAE:DSD_EARNINGS@AV_AN_WAGE(1.0),Average annual wages,I,CHE,Switzerland,WG,Wages,USD_PPP,"US dollars, PPP converted",A,Annual,Q,Constant prices,MEAN,Mean,_Z,Not applicable,2020,,83154.689,,2024,,A,Normal value,0,Units,0,Zero
DATAFLOW,OECD.ELS.SAE:DSD_EARNINGS@AV_AN_WAGE(1.0),Average annual wages,I,CHE,Switzerland,WG,Wages,USD_PPP,"US dollars, PPP converted",A,Annual,Q,Constant prices,MEAN,Mean,_Z,Not applicable,2019,,84911.132,,2024,,A,Normal value,0,Units,0,Zero
DATAFLOW,OECD.ELS.SAE:DSD_EARNINGS@AV_AN_WAGE(1.0),Average annual wages,I,CHE,Switzerland,WG,Wages,USD_PPP,"US dollars, PPP converted",A,Annual,Q,Constant prices,MEAN,Mean,_Z,Not applicable,2018,,83328.535,,2024,,A,Normal value,0,Units,0,Zero
DATAFLOW,OECD.ELS.SAE:DSD_EARNINGS@AV_AN_WAGE(1.0),Average annual wages,I,CHE,Switzerland,WG,Wages,USD_PPP,"US dollars, PPP converted",A,Annual,Q,Constant prices,MEAN,Mean,_Z,Not applicable,2017,,83569.001,,2024,,A,Normal value,0,Units,0,Zero
DATAFLOW,OECD.ELS.SAE:DSD_EARNINGS@AV_AN_WAGE(1.0),Average annual wages,I,CHE,Switzerland,WG,Wages,CHF,Swiss franc,A,Annual,V,Current prices,MEAN,Mean,_Z,Not applicable,2023,,94515.756,,,,A,Normal value,0,Units,0,Zero
DATAFLOW,OECD.ELS.SAE:DSD_EARNINGS@AV_AN_WAGE(1.0),Average annual wages,I,CHE,Switzerland,WG,Wages,CHF,Swiss franc,A,Annual,V,Current prices,MEAN,Mean,_Z,Not applicable,2022,,93471.761,,,,A,Normal value,0,Units,0,Zero
DATAFLOW,OECD.ELS.SAE:DSD_EARNINGS@AV_AN_WAGE(1.0),Average annual wages,I,CHE,Switzerland,WG,Wages,CHF,Swiss franc,A,Annual,V,Current prices,MEAN,Mean,_Z,Not applicable,2021,,90225.988,,,,A,Normal value,0,Units,0,Zero
DATAFLOW,OECD.ELS.SAE:DSD_EARNINGS@AV_AN_WAGE(1.0),Average annual wages,I,CHE,Switzerland,WG,Wages,CHF,Swiss franc,A,Annual,V,Current prices,MEAN,Mean,_Z,Not applicable,2020,,86641.205,,,,A,Normal value,0,Units,0,Zero
DATAFLOW,OECD.ELS.SAE:DSD_EARNINGS@AV_AN_WAGE(1.0),Average annual wages,I,CHE,Switzerland,WG,Wages,CHF,Swiss franc,A,Annual,V,Current prices,MEAN,Mean,_Z,Not applicable,2019,,88831.316,,,,A,Normal value,0,Units,0,Zero
DATAFLOW,OECD.ELS.SAE:DSD_EARNINGS@AV_AN_WAGE(1.0),Average annual wages,I,CHE,Switzerland,WG,Wages,CHF,Swiss franc,A,Annual,V,Current prices,MEAN,Mean,_Z,Not applicable,2018,,87444.569,,,,A,Normal value,0,Units,0,Zero
DATAFLOW,OECD.ELS.SAE:DSD_EARNINGS@AV_AN_WAGE(1.0),Average annual wages,I,CHE,Switzerland,WG,Wages,CHF,Swiss franc,A,Annual,V,Current prices,MEAN,Mean,_Z,Not applicable,2017,,86630.294,,,,A,Normal value,0,Units,0,Zero
DATAFLOW,OECD.ELS.SAE:DSD_EARNINGS@AV_AN_WAGE(1.0),Average annual wages,I,CHE,Switzerland,WG,Wages,CHF,Swiss franc,A,Annual,V,Current prices,MEAN,Mean,_Z,Not applicable,2016,,86348.235,,,,A,Normal value,0,Units,0,Zero
DATAFLOW,OECD.ELS.SAE:DSD_EARNINGS@AV_AN_WAGE(1.0),Average annual wages,I,CHE,Switzerland,WG,Wages,CHF,Swiss franc,A,Annual,V,Current prices,MEAN,Mean,_Z,Not applicable,2015,,86815.125,,,,A,Normal value,0,Units,0,Zero
DATAFLOW,OECD.ELS.SAE:DSD_EARNINGS@AV_AN_WAGE(1.0),Average annual wages,I,CHE,Switzerland,WG,Wages,CHF,Swiss franc,A,Annual,V,Current prices,MEAN,Mean,_Z,Not applicable,2014,,87480.295,,,,A,Normal value,0,Units,0,Zero
DATAFLOW,OECD.ELS.SAE:DSD_EARNINGS@AV_AN_WAGE(1.0),Average annual wages,I,CHE,Switzerland,WG,Wages,CHF,Swiss franc,A,Annual,V,Current prices,MEAN,Mean,_Z,Not applicable,2013,,87531.624,,,,A,Normal value,0,Units,0,Zero
DATAFLOW,OECD.ELS.SAE:DSD_EARNINGS@AV_AN_WAGE(1.0),Average annual wages,I,CHE,Switzerland,WG,Wages,CHF,Swiss franc,A,Annual,V,Current prices,MEAN,Mean,_Z,Not applicable,2012,,86751.55,,,,A,Normal value,0,Units,0,Zero
DATAFLOW,OECD.ELS.SAE:DSD_EARNINGS@AV_AN_WAGE(1.0),Average annual wages,I,CHE,Switzerland,WG,Wages,CHF,Swiss franc,A,Annual,V,Current prices,MEAN,Mean,_Z,Not applicable,2011,,86279.264,,,,A,Normal value,0,Units,0,Zero
DATAFLOW,OECD.ELS.SAE:DSD_EARNINGS@AV_AN_WAGE(1.0),Average annual wages,I,CHE,Switzerland,WG,Wages,CHF,Swiss franc,A,Annual,V,Current prices,MEAN,Mean,_Z,Not applicable,2010,,86097.521,,,,A,Normal value,0,Units,0,Zero
DATAFLOW,OECD.ELS.SAE:DSD_EARNINGS@AV_AN_WAGE(1.0),Average annual wages,I,CHE,Switzerland,WG,Wages,CHF,Swiss franc,A,Annual,V,Current prices,MEAN,Mean,_Z,Not applicable,2009,,86238.532,,,,A,Normal value,0,Units,0,Zero
DATAFLOW,OECD.ELS.SAE:DSD_EARNINGS@AV_AN_WAGE(1.0),Average annual wages,I,CHE,Switzerland,WG,Wages,CHF,Swiss franc,A,Annual,V,Current prices,MEAN,Mean,_Z,Not applicable,2008,,85255.134,,,,A,Normal value,0,Units,0,Zero
DATAFLOW,OECD.ELS.SAE:DSD_EARNINGS@AV_AN_WAGE(1.0),Average annual wages,I,CHE,Switzerland,WG,Wages,CHF,Swiss franc,A,Annual,V,Current prices,MEAN,Mean,_Z,Not applicable,2007,,83261.934,,,,A,Normal value,0,Units,0,Zero
DATAFLOW,OECD.ELS.SAE:DSD_EARNINGS@AV_AN_WAGE(1.0),Average annual wages,I,CHE,Switzerland,WG,Wages,CHF,Swiss franc,A,Annual,V,Current prices,MEAN,Mean,_Z,Not applicable,2006,,81015.486,,,,A,Normal value,0,Units,0,Zero
DATAFLOW,OECD.ELS.SAE:DSD_EARNINGS@AV_AN_WAGE(1.0),Average annual wages,I,CHE,Switzerland,WG,Wages,CHF,Swiss franc,A,Annual,V,Current prices,MEAN,Mean,_Z,Not applicable,2005,,79633.036,,,,A,Normal value,0,Units,0,Zero
DATAFLOW,OECD.ELS.SAE:DSD_EARNINGS@AV_AN_WAGE(1.0),Average annual wages,I,CHE,Switzerland,WG,Wages,CHF,Swiss franc,A,Annual,V,Current prices,MEAN,Mean,_Z,Not applicable,2004,,77588.31,,,,A,Normal value,0,Units,0,Zero
DATAFLOW,OECD.ELS.SAE:DSD_EARNINGS@AV_AN_WAGE(1.0),Average annual wages,I,CHE,Switzerland,WG,Wages,CHF,Swiss franc,A,Annual,V,Current prices,MEAN,Mean,_Z,Not applicable,2003,,77716.216,,,,A,Normal value,0,Units,0,Zero
DATAFLOW,OECD.ELS.SAE:DSD_EARNINGS@AV_AN_WAGE(1.0),Average annual wages,I,CHE,Switzerland,WG,Wages,CHF,Swiss franc,A,Annual,V,Current prices,MEAN,Mean,_Z,Not applicable,2002,,77234.297,,,,A,Normal value,0,Units,0,Zero
DATAFLOW,OECD.ELS.SAE:DSD_EARNINGS@AV_AN_WAGE(1.0),Average annual wages,I,CHE,Switzerland,WG,Wages,CHF,Swiss franc,A,Annual,V,Current prices,MEAN,Mean,_Z,Not applicable,2001,,76082.403,,,,A,Normal value,0,Units,0,Zero
DATAFLOW,OECD.ELS.SAE:DSD_EARNINGS@AV_AN_WAGE(1.0),Average annual wages,I,CHE,Switzerland,WG,Wages,CHF,Swiss franc,A,Annual,V,Current prices,MEAN,Mean,_Z,Not applicable,2000,,71793.971,,,,A,Normal value,0,Units,0,Zero
DATAFLOW,OECD.ELS.SAE:DSD_EARNINGS@AV_AN_WAGE(1.0),Average annual wages,I,CHE,Switzerland,WG,Wages,CHF,Swiss franc,A,Annual,V,Current prices,MEAN,Mean,_Z,Not applicable,1999,,70057.101,,,,A,Normal value,0,Units,0,Zero
DATAFLOW,OECD.ELS.SAE:DSD_EARNINGS@AV_AN_WAGE(1.0),Average annual wages,I,CHE,Switzerland,WG,Wages,CHF,Swiss franc,A,Annual,V,Current prices,MEAN,Mean,_Z,Not applicable,1998,,68671.071,,,,A,Normal value,0,Units,0,Zero
DATAFLOW,OECD.ELS.SAE:DSD_EARNINGS@AV_AN_WAGE(1.0),Average annual wages,I,CHE,Switzerland,WG,Wages,CHF,Swiss franc,A,Annual,V,Current prices,MEAN,Mean,_Z,Not applicable,1997,,68463.593,,,,A,Normal value,0,Units,0,Zero
DATAFLOW,OECD.ELS.SAE:DSD_EARNINGS@AV_AN_WAGE(1.0),Average annual wages,I,CHE,Switzerland,WG,Wages,CHF,Swiss franc,A,Annual,V,Current prices,MEAN,Mean,_Z,Not applicable,1996,,66781.022,,,,A,Normal value,0,Units,0,Zero
DATAFLOW,OECD.ELS.SAE:DSD_EARNINGS@AV_AN_WAGE(1.0),Average annual wages,I,CHE,Switzerland,WG,Wages,CHF,Swiss franc,A,Annual,V,Current prices,MEAN,Mean,_Z,Not applicable,1995,,67086.105,,,,A,Normal value,0,Units,0,Zero
DATAFLOW,OECD.ELS.SAE:DSD_EARNINGS@AV_AN_WAGE(1.0),Average annual wages,I,CHE,Switzerland,WG,Wages,CHF,Swiss franc,A,Annual,V,Current prices,MEAN,Mean,_Z,Not applicable,1994,,66136.66,,,,A,Normal value,0,Units,0,Zero
DATAFLOW,OECD.ELS.SAE:DSD_EARNINGS@AV_AN_WAGE(1.0),Average annual wages,I,CHE,Switzerland,WG,Wages,CHF,Swiss franc,A,Annual,V,Current prices,MEAN,Mean,_Z,Not applicable,1993,,65403.956,,,,A,Normal value,0,Units,0,Zero
DATAFLOW,OECD.ELS.SAE:DSD_EARNINGS@AV_AN_WAGE(1.0),Average annual wages,I,CHE,Switzerland,WG,Wages,USD_PPP,"US dollars, PPP converted",A,Annual,Q,Constant prices,MEAN,Mean,_Z,Not applicable,2003,,77556.657,,2024,,A,Normal value,0,Units,0,Zero
DATAFLOW,OECD.ELS.SAE:DSD_EARNINGS@AV_AN_WAGE(1.0),Average annual wages,I,CHE,Switzerland,WG,Wages,USD_PPP,"US dollars, PPP converted",A,Annual,Q,Constant prices,MEAN,Mean,_Z,Not applicable,2002,,77948.301,,2024,,A,Normal value,0,Units,0,Zero
DATAFLOW,OECD.ELS.SAE:DSD_EARNINGS@AV_AN_WAGE(1.0),Average annual wages,I,CHE,Switzerland,WG,Wages,USD_PPP,"US dollars, PPP converted",A,Annual,Q,Constant prices,MEAN,Mean,_Z,Not applicable,2001,,76408.724,,2024,,A,Normal value,0,Units,0,Zero
DATAFLOW,OECD.ELS.SAE:DSD_EARNINGS@AV_AN_WAGE(1.0),Average annual wages,I,CHE,Switzerland,WG,Wages,USD_PPP,"US dollars, PPP converted",A,Annual,Q,Constant prices,MEAN,Mean,_Z,Not applicable,2000,,72385.662,,2024,,A,Normal value,0,Units,0,Zero
DATAFLOW,OECD.ELS.SAE:DSD_EARNINGS@AV_AN_WAGE(1.0),Average annual wages,I,CHE,Switzerland,WG,Wages,USD_PPP,"US dollars, PPP converted",A,Annual,Q,Constant prices,MEAN,Mean,_Z,Not applicable,1999,,71330.314,,2024,,A,Normal value,0,Units,0,Zero
DATAFLOW,OECD.ELS.SAE:DSD_EARNINGS@AV_AN_WAGE(1.0),Average annual wages,I,CHE,Switzerland,WG,Wages,CHF,Swiss franc,A,Annual,V,Current prices,MEAN,Mean,_Z,Not applicable,1991,,60247.17,,,,A,Normal value,0,Units,0,Zero
DATAFLOW,OECD.ELS.SAE:DSD_EARNINGS@AV_AN_WAGE(1.0),Average annual wages,I,CHE,Switzerland,WG,Wages,CHF,Swiss franc,A,Annual,V,Current prices,MEAN,Mean,_Z,Not applicable,1990,,56232.247,,,,A,Normal value,0,Units,0,Zero
DATAFLOW,OECD.ELS.SAE:DSD_EARNINGS@AV_AN_WAGE(1.0),Average annual wages,I,CHE,Switzerland,WG,Wages,CHF,Swiss franc,A,Annual,Q,Constant prices,MEAN,Mean,_Z,Not applicable,2024,,96845.617,,2024,,A,Normal value,0,Units,0,Zero
DATAFLOW,OECD.ELS.SAE:DSD_EARNINGS@AV_AN_WAGE(1.0),Average annual wages,I,CHE,Switzerland,WG,Wages,CHF,Swiss franc,A,Annual,Q,Constant prices,MEAN,Mean,_Z,Not applicable,2023,,95812.693,,2024,,A,Normal value,0,Units,0,Zero
DATAFLOW,OECD.ELS.SAE:DSD_EARNINGS@AV_AN_WAGE(1.0),Average annual wages,I,CHE,Switzerland,WG,Wages,USD_PPP,"US dollars, PPP converted",A,Annual,Q,Constant prices,MEAN,Mean,_Z,Not applicable,1997,,69846.791,,2024,,A,Normal value,0,Units,0,Zero
DATAFLOW,OECD.ELS.SAE:DSD_EARNINGS@AV_AN_WAGE(1.0),Average annual wages,I,CHE,Switzerland,WG,Wages,CHF,Swiss franc,A,Annual,Q,Constant prices,MEAN,Mean,_Z,Not applicable,2022,,96702.571,,2024,,A,Normal value,0,Units,0,Zero
DATAFLOW,OECD.ELS.SAE:DSD_EARNINGS@AV_AN_WAGE(1.0),Average annual wages,I,CHE,Switzerland,WG,Wages,CHF,Swiss franc,A,Annual,Q,Constant prices,MEAN,Mean,_Z,Not applicable,2021,,95648.278,,2024,,A,Normal value,0,Units,0,Zero
DATAFLOW,OECD.ELS.SAE:DSD_EARNINGS@AV_AN_WAGE(1.0),Average annual wages,I,CHE,Switzerland,WG,Wages,CHF,Swiss franc,A,Annual,Q,Constant prices,MEAN,Mean,_Z,Not applicable,2020,,92069.62,,2024,,A,Normal value,0,Units,0,Zero
